System time (yyyy-mm-dd)   ,anchor 1 id        ,x(m)               ,y(m)  ,z(m) ,anchor 2 id        ,x(m)               ,y(m)  ,z(m) ,anchor 3 id        ,x(m)               ,y(m)  ,z(m) ,anchor 4 id        ,x(m)               ,y(m)  ,z(m) ,tag_id ,x(m)               ,y(m)               ,z(m)  ,q(%) ,vel(m/s)               ,
2024-01-08 16:22:11.253450 ,1.423              ,1.234              ,2.134 ,  94 ,1.423              ,1.234              ,2.134 ,  94 ,1.423              ,1.234              ,2.134 ,  94 ,1.423              ,1.234              ,2.134 ,  94 ,  5423 ,1.423              ,1.234              ,2.134 ,  94 ,-9.9                   ,
2024-01-08 16:22:12.254278 ,1.428              ,1.2389999999999999 ,2.134 ,  94 ,1.428              ,1.2389999999999999 ,2.134 ,  94 ,1.428              ,1.2389999999999999 ,2.134 ,  94 ,1.428              ,1.2389999999999999 ,2.134 ,  94 ,  5423 ,1.428              ,1.2389999999999999 ,2.134 ,  94 ,0.0049958634250839235  ,
2024-01-08 16:22:13.253622 ,1.4331             ,1.2441             ,2.134 ,  94 ,1.4331             ,1.2441             ,2.134 ,  94 ,1.4331             ,1.2441             ,2.134 ,  94 ,1.4331             ,1.2441             ,2.134 ,  94 ,  5423 ,1.4331             ,1.2441             ,2.134 ,  94 ,0.0025497807188582305  ,
2024-01-08 16:22:14.253654 ,1.4383000000000001 ,1.2493             ,2.134 ,  94 ,1.4383000000000001 ,1.2493             ,2.134 ,  94 ,1.4383000000000001 ,1.2493             ,2.134 ,  94 ,1.4383000000000001 ,1.2493             ,2.134 ,  94 ,  5423 ,1.4383000000000001 ,1.2493             ,2.134 ,  94 ,0.001733215474681086   ,
2024-01-08 16:22:15.253623 ,1.4436000000000002 ,1.2546000000000002 ,2.134 ,  94 ,1.4436000000000002 ,1.2546000000000002 ,2.134 ,  94 ,1.4436000000000002 ,1.2546000000000002 ,2.134 ,  94 ,1.4436000000000002 ,1.2546000000000002 ,2.134 ,  94 ,  5423 ,1.4436000000000002 ,1.2546000000000002 ,2.134 ,  94 ,0.0013249426962284087  ,
2024-01-08 16:22:16.253354 ,1.4490000000000003 ,1.2600000000000002 ,2.134 ,  94 ,1.4490000000000003 ,1.2600000000000002 ,2.134 ,  94 ,1.4490000000000003 ,1.2600000000000002 ,2.134 ,  94 ,1.4490000000000003 ,1.2600000000000002 ,2.134 ,  94 ,  5423 ,1.4490000000000003 ,1.2600000000000002 ,2.134 ,  94 ,0.001080020736398153   ,
2024-01-08 16:22:17.253380 ,1.4545000000000003 ,1.2655000000000003 ,2.134 ,  94 ,1.4545000000000003 ,1.2655000000000003 ,2.134 ,  94 ,1.4545000000000003 ,1.2655000000000003 ,2.134 ,  94 ,1.4545000000000003 ,1.2655000000000003 ,2.134 ,  94 ,  5423 ,1.4545000000000003 ,1.2655000000000003 ,2.134 ,  94 ,0.0009166773612358911  ,
2024-01-08 16:22:18.253775 ,1.4601000000000004 ,1.2711000000000003 ,2.134 ,  94 ,1.4601000000000004 ,1.2711000000000003 ,2.134 ,  94 ,1.4601000000000004 ,1.2711000000000003 ,2.134 ,  94 ,1.4601000000000004 ,1.2711000000000003 ,2.134 ,  94 ,  5423 ,1.4601000000000004 ,1.2711000000000003 ,2.134 ,  94 ,0.0007999628588672739  ,
2024-01-08 16:22:19.253711 ,1.4658000000000004 ,1.2768000000000004 ,2.134 ,  94 ,1.4658000000000004 ,1.2768000000000004 ,2.134 ,  94 ,1.4658000000000004 ,1.2768000000000004 ,2.134 ,  94 ,1.4658000000000004 ,1.2768000000000004 ,2.134 ,  94 ,  5423 ,1.4658000000000004 ,1.2768000000000004 ,2.134 ,  94 ,0.0007124767554458584  ,
2024-01-08 16:22:20.253813 ,1.4716000000000005 ,1.2826000000000004 ,2.134 ,  94 ,1.4716000000000005 ,1.2826000000000004 ,2.134 ,  94 ,1.4716000000000005 ,1.2826000000000004 ,2.134 ,  94 ,1.4716000000000005 ,1.2826000000000004 ,2.134 ,  94 ,  5423 ,1.4716000000000005 ,1.2826000000000004 ,2.134 ,  94 ,0.0006444184529001805  ,
2024-01-08 16:22:21.253611 ,1.4775000000000005 ,1.2885000000000004 ,2.134 ,  94 ,1.4775000000000005 ,1.2885000000000004 ,2.134 ,  94 ,1.4775000000000005 ,1.2885000000000004 ,2.134 ,  94 ,1.4775000000000005 ,1.2885000000000004 ,2.134 ,  94 ,  5423 ,1.4775000000000005 ,1.2885000000000004 ,2.134 ,  94 ,0.000589990501152933   ,
2024-01-08 16:22:22.253527 ,1.4835000000000005 ,1.2945000000000004 ,2.134 ,  94 ,1.4835000000000005 ,1.2945000000000004 ,2.134 ,  94 ,1.4835000000000005 ,1.2945000000000004 ,2.134 ,  94 ,1.4835000000000005 ,1.2945000000000004 ,2.134 ,  94 ,  5423 ,1.4835000000000005 ,1.2945000000000004 ,2.134 ,  94 ,0.0005454507272994549  ,
2024-01-08 16:22:23.253517 ,1.4896000000000005 ,1.3006000000000004 ,2.134 ,  94 ,1.4896000000000005 ,1.3006000000000004 ,2.134 ,  94 ,1.4896000000000005 ,1.3006000000000004 ,2.134 ,  94 ,1.4896000000000005 ,1.3006000000000004 ,2.134 ,  94 ,  5423 ,1.4896000000000005 ,1.3006000000000004 ,2.134 ,  94 ,0.0005083304951547349  ,
2024-01-08 16:22:24.253907 ,1.4958000000000005 ,1.3068000000000004 ,2.134 ,  94 ,1.4958000000000005 ,1.3068000000000004 ,2.134 ,  94 ,1.4958000000000005 ,1.3068000000000004 ,2.134 ,  94 ,1.4958000000000005 ,1.3068000000000004 ,2.134 ,  94 ,  5423 ,1.4958000000000005 ,1.3068000000000004 ,2.134 ,  94 ,0.00047690631183195965 ,
2024-01-08 16:22:25.253963 ,1.5021000000000004 ,1.3131000000000004 ,2.134 ,  94 ,1.5021000000000004 ,1.3131000000000004 ,2.134 ,  94 ,1.5021000000000004 ,1.3131000000000004 ,2.134 ,  94 ,1.5021000000000004 ,1.3131000000000004 ,2.134 ,  94 ,  5423 ,1.5021000000000004 ,1.3131000000000004 ,2.134 ,  94 ,0.00044998351131847616 ,
2024-01-08 16:22:26.253821 ,1.5085000000000004 ,1.3195000000000003 ,2.134 ,  94 ,1.5085000000000004 ,1.3195000000000003 ,2.134 ,  94 ,1.5085000000000004 ,1.3195000000000003 ,2.134 ,  94 ,1.5085000000000004 ,1.3195000000000003 ,2.134 ,  94 ,  5423 ,1.5085000000000004 ,1.3195000000000003 ,2.134 ,  94 ,0.0004266561140387769  ,
2024-01-08 16:22:27.253666 ,1.5150000000000003 ,1.3260000000000003 ,2.134 ,  94 ,1.5150000000000003 ,1.3260000000000003 ,2.134 ,  94 ,1.5150000000000003 ,1.3260000000000003 ,2.134 ,  94 ,1.5150000000000003 ,1.3260000000000003 ,2.134 ,  94 ,  5423 ,1.5150000000000003 ,1.3260000000000003 ,2.134 ,  94 ,0.0004062445156990349  ,
2024-01-08 16:22:28.253772 ,1.5216000000000003 ,1.3326000000000002 ,2.134 ,  94 ,1.5216000000000003 ,1.3326000000000002 ,2.134 ,  94 ,1.5216000000000003 ,1.3326000000000002 ,2.134 ,  94 ,1.5216000000000003 ,1.3326000000000002 ,2.134 ,  94 ,  5423 ,1.5216000000000003 ,1.3326000000000002 ,2.134 ,  94 ,0.0003882279406237093  ,
2024-01-08 16:22:29.253982 ,1.5283000000000002 ,1.3393000000000002 ,2.134 ,  94 ,1.5283000000000002 ,1.3393000000000002 ,2.134 ,  94 ,1.5283000000000002 ,1.3393000000000002 ,2.134 ,  94 ,1.5283000000000002 ,1.3393000000000002 ,2.134 ,  94 ,  5423 ,1.5283000000000002 ,1.3393000000000002 ,2.134 ,  94 ,0.0003722112213127883  ,
2024-01-08 16:22:30.253915 ,1.5351000000000001 ,1.3461             ,2.134 ,  94 ,1.5351000000000001 ,1.3461             ,2.134 ,  94 ,1.5351000000000001 ,1.3461             ,2.134 ,  94 ,1.5351000000000001 ,1.3461             ,2.134 ,  94 ,  5423 ,1.5351000000000001 ,1.3461             ,2.134 ,  94 ,0.00035788597805369067 ,
2024-01-08 16:22:31.253871 ,1.542              ,1.353              ,2.134 ,  94 ,1.542              ,1.353              ,2.134 ,  94 ,1.542              ,1.353              ,2.134 ,  94 ,1.542              ,1.353              ,2.134 ,  94 ,  5423 ,1.542              ,1.353              ,2.134 ,  94 ,0.0003449927379028625  ,
2024-01-08 16:22:32.253957 ,1.549              ,1.3599999999999999 ,2.134 ,  94 ,1.549              ,1.3599999999999999 ,2.134 ,  94 ,1.549              ,1.3599999999999999 ,2.134 ,  94 ,1.549              ,1.3599999999999999 ,2.134 ,  94 ,  5423 ,1.549              ,1.3599999999999999 ,2.134 ,  94 ,0.00033332528590856856 ,
2024-01-08 16:22:33.253724 ,1.5561             ,1.3671             ,2.134 ,  94 ,1.5561             ,1.3671             ,2.134 ,  94 ,1.5561             ,1.3671             ,2.134 ,  94 ,1.5561             ,1.3671             ,2.134 ,  94 ,  5423 ,1.5561             ,1.3671             ,2.134 ,  94 ,0.0003227232533558494  ,
2024-01-08 16:22:34.253822 ,1.5633000000000001 ,1.3743             ,2.134 ,  94 ,1.5633000000000001 ,1.3743             ,2.134 ,  94 ,1.5633000000000001 ,1.3743             ,2.134 ,  94 ,1.5633000000000001 ,1.3743             ,2.134 ,  94 ,  5423 ,1.5633000000000001 ,1.3743             ,2.134 ,  94 ,0.0003130384152047669  ,
2024-01-08 16:22:35.253563 ,1.5706000000000002 ,1.3816000000000002 ,2.134 ,  94 ,1.5706000000000002 ,1.3816000000000002 ,2.134 ,  94 ,1.5706000000000002 ,1.3816000000000002 ,2.134 ,  94 ,1.5706000000000002 ,1.3816000000000002 ,2.134 ,  94 ,  5423 ,1.5706000000000002 ,1.3816000000000002 ,2.134 ,  94 ,0.0003041652345553575  ,
2024-01-08 16:22:36.254231 ,1.5780000000000003 ,1.3890000000000002 ,2.134 ,  94 ,1.5780000000000003 ,1.3890000000000002 ,2.134 ,  94 ,1.5780000000000003 ,1.3890000000000002 ,2.134 ,  94 ,1.5780000000000003 ,1.3890000000000002 ,2.134 ,  94 ,  5423 ,1.5780000000000003 ,1.3890000000000002 ,2.134 ,  94 ,0.0002959907532488714  ,
2024-01-08 16:22:37.253952 ,1.5855000000000004 ,1.3965000000000003 ,2.134 ,  94 ,1.5855000000000004 ,1.3965000000000003 ,2.134 ,  94 ,1.5855000000000004 ,1.3965000000000003 ,2.134 ,  94 ,1.5855000000000004 ,1.3965000000000003 ,2.134 ,  94 ,  5423 ,1.5855000000000004 ,1.3965000000000003 ,2.134 ,  94 ,0.00028845596904244624 ,
2024-01-08 16:22:38.253908 ,1.5931000000000004 ,1.4041000000000003 ,2.134 ,  94 ,1.5931000000000004 ,1.4041000000000003 ,2.134 ,  94 ,1.5931000000000004 ,1.4041000000000003 ,2.134 ,  94 ,1.5931000000000004 ,1.4041000000000003 ,2.134 ,  94 ,  5423 ,1.5931000000000004 ,1.4041000000000003 ,2.134 ,  94 ,0.00028147670680253096 ,
2024-01-08 16:22:39.253631 ,1.6008000000000004 ,1.4118000000000004 ,2.134 ,  94 ,1.6008000000000004 ,1.4118000000000004 ,2.134 ,  94 ,1.6008000000000004 ,1.4118000000000004 ,2.134 ,  94 ,1.6008000000000004 ,1.4118000000000004 ,2.134 ,  94 ,  5423 ,1.6008000000000004 ,1.4118000000000004 ,2.134 ,  94 ,0.0002749982223329213  ,
2024-01-08 16:22:40.253790 ,1.6086000000000005 ,1.4196000000000004 ,2.134 ,  94 ,1.6086000000000005 ,1.4196000000000004 ,2.134 ,  94 ,1.6086000000000005 ,1.4196000000000004 ,2.134 ,  94 ,1.6086000000000005 ,1.4196000000000004 ,2.134 ,  94 ,  5423 ,1.6086000000000005 ,1.4196000000000004 ,2.134 ,  94 ,0.0002689623638895278  ,
2024-01-08 16:22:41.253983 ,1.6165000000000005 ,1.4275000000000004 ,2.134 ,  94 ,1.6165000000000005 ,1.4275000000000004 ,2.134 ,  94 ,1.6165000000000005 ,1.4275000000000004 ,2.134 ,  94 ,1.6165000000000005 ,1.4275000000000004 ,2.134 ,  94 ,  5423 ,1.6165000000000005 ,1.4275000000000004 ,2.134 ,  94 ,0.00026332865486089924 ,
2024-01-08 16:22:42.253664 ,1.6245000000000005 ,1.4355000000000004 ,2.134 ,  94 ,1.6245000000000005 ,1.4355000000000004 ,2.134 ,  94 ,1.6245000000000005 ,1.4355000000000004 ,2.134 ,  94 ,1.6245000000000005 ,1.4355000000000004 ,2.134 ,  94 ,  5423 ,1.6245000000000005 ,1.4355000000000004 ,2.134 ,  94 ,0.0002580627346637029  ,
2024-01-08 16:22:43.253529 ,1.6326000000000005 ,1.4436000000000004 ,2.134 ,  94 ,1.6326000000000005 ,1.4436000000000004 ,2.134 ,  94 ,1.6326000000000005 ,1.4436000000000004 ,2.134 ,  94 ,1.6326000000000005 ,1.4436000000000004 ,2.134 ,  94 ,  5423 ,1.6326000000000005 ,1.4436000000000004 ,2.134 ,  94 ,0.00025312437509919885 ,
2024-01-08 16:22:44.253719 ,1.6408000000000005 ,1.4518000000000004 ,2.134 ,  94 ,1.6408000000000005 ,1.4518000000000004 ,2.134 ,  94 ,1.6408000000000005 ,1.4518000000000004 ,2.134 ,  94 ,1.6408000000000005 ,1.4518000000000004 ,2.134 ,  94 ,  5423 ,1.6408000000000005 ,1.4518000000000004 ,2.134 ,  94 ,0.00024848282297335164 ,
2024-01-08 16:27:05.115151, 1.423, 1.234, 2.134, 94, 1.423, 1.234, 2.134, 94, 1.423, 1.234, 2.134, 94, 1.423, 1.234, 2.134, 94, 5423, 1.423, 1.234, 2.134, 94, -9.9, 
2024-01-08 16:27:06.115776, 1.923, 1.734, 2.134, 94, 1.923, 1.734, 2.134, 94, 1.923, 1.734, 2.134, 94, 1.923, 1.734, 2.134, 94, 5423, 1.923, 1.734, 2.134, 94, 0.4996876951905059, 
2024-01-08 16:27:07.115245, 2.433, 2.2439999999999998, 2.134, 94, 2.433, 2.2439999999999998, 2.134, 94, 2.433, 2.2439999999999998, 2.134, 94, 2.433, 2.2439999999999998, 2.134, 94, 5423, 2.433, 2.2439999999999998, 2.134, 94, 0.25498801556326844, 
2024-01-08 16:27:08.115361, 2.953, 2.764, 2.134, 94, 2.953, 2.764, 2.134, 94, 2.953, 2.764, 2.134, 94, 2.953, 2.764, 2.134, 94, 5423, 2.953, 2.764, 2.134, 94, 0.17332120084927388, 
2024-01-08 16:27:09.115606, 3.4829999999999997, 3.2939999999999996, 2.134, 94, 3.4829999999999997, 3.2939999999999996, 2.134, 94, 3.4829999999999997, 3.2939999999999996, 2.134, 94, 3.4829999999999997, 3.2939999999999996, 2.134, 94, 5423, 3.4829999999999997, 3.2939999999999996, 2.134, 94, 0.13248492983923074, 
2024-01-08 16:27:10.115312, 4.023, 3.8339999999999996, 2.134, 94, 4.023, 3.8339999999999996, 2.134, 94, 4.023, 3.8339999999999996, 2.134, 94, 4.023, 3.8339999999999996, 2.134, 94, 5423, 4.023, 3.8339999999999996, 2.134, 94, 0.10799652251197511, 
2024-01-08 16:27:11.115129, 4.5729999999999995, 4.3839999999999995, 2.134, 94, 4.5729999999999995, 4.3839999999999995, 2.134, 94, 4.5729999999999995, 4.3839999999999995, 2.134, 94, 4.5729999999999995, 4.3839999999999995, 2.134, 94, 5423, 4.5729999999999995, 4.3839999999999995, 2.134, 94, 0.09166700277901017, 
2024-01-08 16:27:12.115316, 5.132999999999999, 4.943999999999999, 2.134, 94, 5.132999999999999, 4.943999999999999, 2.134, 94, 5.132999999999999, 4.943999999999999, 2.134, 94, 5.132999999999999, 4.943999999999999, 2.134, 94, 5423, 5.132999999999999, 4.943999999999999, 2.134, 94, 0.07999811433016216, 
2024-01-08 16:27:30.098241, 1.473, 1.284, 2.134, 94, 1.473, 1.284, 2.134, 94, 1.473, 1.284, 2.134, 94, 1.473, 1.284, 2.134, 94, 5423, 1.473, 1.284, 2.134, 94, -9.9, 
2024-01-08 16:27:31.097993, 1.524, 1.335, 2.134, 94, 1.524, 1.335, 2.134, 94, 1.524, 1.335, 2.134, 94, 1.524, 1.335, 2.134, 94, 5423, 1.524, 1.335, 2.134, 94, 0.05101265113748203, 
2024-01-08 16:27:32.098207, 1.576, 1.387, 2.134, 94, 1.576, 1.387, 2.134, 94, 1.576, 1.387, 2.134, 94, 1.576, 1.387, 2.134, 94, 5423, 1.576, 1.387, 2.134, 94, 0.02600044200751415, 
2024-01-08 16:27:33.097957, 1.629, 1.44, 2.134, 94, 1.629, 1.44, 2.134, 94, 1.629, 1.44, 2.134, 94, 1.629, 1.44, 2.134, 94, 5423, 1.629, 1.44, 2.134, 94, 0.01766833926945082, 
2024-01-08 16:27:34.098255, 1.683, 1.494, 2.134, 94, 1.683, 1.494, 2.134, 94, 1.683, 1.494, 2.134, 94, 1.683, 1.494, 2.134, 94, 5423, 1.683, 1.494, 2.134, 94, 0.013499952750165385, 
2024-01-08 16:27:35.098207, 1.738, 1.549, 2.134, 94, 1.738, 1.549, 2.134, 94, 1.738, 1.549, 2.134, 94, 1.738, 1.549, 2.134, 94, 5423, 1.738, 1.549, 2.134, 94, 0.011000074800508632, 
2024-01-08 16:27:36.098038, 1.794, 1.605, 2.134, 94, 1.794, 1.605, 2.134, 94, 1.794, 1.605, 2.134, 94, 1.794, 1.605, 2.134, 94, 5423, 1.794, 1.605, 2.134, 94, 0.009333649121795295, 
2024-01-08 16:27:37.097951, 1.851, 1.662, 2.134, 94, 1.851, 1.662, 2.134, 94, 1.851, 1.662, 2.134, 94, 1.851, 1.662, 2.134, 94, 5423, 1.851, 1.662, 2.134, 94, 0.00814319450377229, 
2024-01-08 16:27:38.097760, 1.909, 1.72, 2.134, 94, 1.909, 1.72, 2.134, 94, 1.909, 1.72, 2.134, 94, 1.909, 1.72, 2.134, 94, 5423, 1.909, 1.72, 2.134, 94, 0.007250435932460445, 
2024-01-08 16:27:39.097992, 1.968, 1.779, 2.134, 94, 1.968, 1.779, 2.134, 94, 1.968, 1.779, 2.134, 94, 1.968, 1.779, 2.134, 94, 5423, 1.968, 1.779, 2.134, 94, 0.006555736930943972, 
2024-01-08 16:27:40.097940, 2.028, 1.839, 2.134, 94, 2.028, 1.839, 2.134, 94, 2.028, 1.839, 2.134, 94, 2.028, 1.839, 2.134, 94, 5423, 2.028, 1.839, 2.134, 94, 0.006000180605436229, 
2024-01-08 16:27:41.098864, 2.089, 1.9, 2.134, 94, 2.089, 1.9, 2.134, 94, 2.089, 1.9, 2.134, 94, 2.089, 1.9, 2.134, 94, 5423, 2.089, 1.9, 2.134, 94, 0.005545140488861399, 
2024-01-08 16:27:42.097954, 2.151, 1.962, 2.134, 94, 2.151, 1.962, 2.134, 94, 2.151, 1.962, 2.134, 94, 2.151, 1.962, 2.134, 94, 5423, 2.151, 1.962, 2.134, 94, 0.005166790239066556, 
2024-01-08 16:27:43.098255, 2.214, 2.025, 2.134, 94, 2.214, 2.025, 2.134, 94, 2.214, 2.025, 2.134, 94, 2.214, 2.025, 2.134, 94, 5423, 2.214, 2.025, 2.134, 94, 0.004846148627224551, 
2024-01-08 16:27:44.098050, 2.278, 2.089, 2.134, 94, 2.278, 2.089, 2.134, 94, 2.278, 2.089, 2.134, 94, 2.278, 2.089, 2.134, 94, 5423, 2.278, 2.089, 2.134, 94, 0.004571490939626394, 
2024-01-08 16:27:45.098223, 2.343, 2.154, 2.134, 94, 2.343, 2.154, 2.134, 94, 2.343, 2.154, 2.134, 94, 2.343, 2.154, 2.134, 94, 5423, 2.343, 2.154, 2.134, 94, 0.00433333853333957, 
2024-01-08 16:27:46.098194, 2.409, 2.2199999999999998, 2.134, 94, 2.409, 2.2199999999999998, 2.134, 94, 2.409, 2.2199999999999998, 2.134, 94, 2.409, 2.2199999999999998, 2.134, 94, 5423, 2.409, 2.2199999999999998, 2.134, 94, 0.0041250121172230845, 
2024-01-08 16:27:47.097977, 2.476, 2.287, 2.134, 94, 2.476, 2.287, 2.134, 94, 2.476, 2.287, 2.134, 94, 2.476, 2.287, 2.134, 94, 5423, 2.476, 2.287, 2.134, 94, 0.003941237675690974, 
2024-01-08 16:27:48.098132, 2.544, 2.355, 2.134, 94, 2.544, 2.355, 2.134, 94, 2.544, 2.355, 2.134, 94, 2.544, 2.355, 2.134, 94, 5423, 2.544, 2.355, 2.134, 94, 0.0037778006544595217, 
2024-01-08 16:27:49.097911, 2.613, 2.424, 2.134, 94, 2.613, 2.424, 2.134, 94, 2.613, 2.424, 2.134, 94, 2.613, 2.424, 2.134, 94, 5423, 2.613, 2.424, 2.134, 94, 0.0036316420232561913, 
2024-01-08 16:27:50.098910, 2.683, 2.4939999999999998, 2.134, 94, 2.683, 2.4939999999999998, 2.134, 94, 2.683, 2.4939999999999998, 2.134, 94, 2.683, 2.4939999999999998, 2.134, 94, 5423, 2.683, 2.4939999999999998, 2.134, 94, 0.0034998829289160202, 
2024-01-08 16:27:51.098278, 2.754, 2.565, 2.134, 94, 2.754, 2.565, 2.134, 94, 2.754, 2.565, 2.134, 94, 2.754, 2.565, 2.134, 94, 5423, 2.754, 2.565, 2.134, 94, 0.0033809464240467852, 
2024-01-08 16:27:52.097943, 2.826, 2.637, 2.134, 94, 2.826, 2.637, 2.134, 94, 2.826, 2.637, 2.134, 94, 2.826, 2.637, 2.134, 94, 5423, 2.826, 2.637, 2.134, 94, 0.0032727716039062742, 
2024-01-08 16:27:53.097870, 2.899, 2.71, 2.134, 94, 2.899, 2.71, 2.134, 94, 2.899, 2.71, 2.134, 94, 2.899, 2.71, 2.134, 94, 5423, 2.899, 2.71, 2.134, 94, 0.0031739642409014494, 
2024-01-08 16:27:54.098333, 2.973, 2.784, 2.134, 94, 2.973, 2.784, 2.134, 94, 2.973, 2.784, 2.134, 94, 2.973, 2.784, 2.134, 94, 5423, 2.973, 2.784, 2.134, 94, 0.0030833215139341903, 
2024-01-08 17:11:00.739309, 1.423, 1.234, 2.134, 94, 1.423, 1.234, 2.134, 94, 1.423, 1.234, 2.134, 94, 1.423, 1.234, 2.134, 94, 5423, 1.423, 1.234, 2.134, 94, -9.9, 
2024-01-08 17:11:01.739347, 1.473, 1.284, 2.134, 94, 1.473, 1.284, 2.134, 94, 1.473, 1.284, 2.134, 94, 1.473, 1.284, 2.134, 94, 5423, 1.473, 1.284, 2.134, 94, 0.0499981000721973, 
2024-01-08 17:11:02.739217, 1.524, 1.335, 2.134, 94, 1.524, 1.335, 2.134, 94, 1.524, 1.335, 2.134, 94, 1.524, 1.335, 2.134, 94, 5423, 1.524, 1.335, 2.134, 94, 0.02550117305396045, 
2024-01-08 17:11:03.739482, 1.576, 1.387, 2.134, 94, 1.576, 1.387, 2.134, 94, 1.576, 1.387, 2.134, 94, 1.576, 1.387, 2.134, 94, 5423, 1.576, 1.387, 2.134, 94, 0.017332333835415506, 
2024-01-08 17:11:04.739788, 1.629, 1.44, 2.134, 94, 1.629, 1.44, 2.134, 94, 1.629, 1.44, 2.134, 94, 1.629, 1.44, 2.134, 94, 5423, 1.629, 1.44, 2.134, 94, 0.013248413502483061, 
2024-01-08 17:11:05.739162, 1.683, 1.494, 2.134, 94, 1.683, 1.494, 2.134, 94, 1.683, 1.494, 2.134, 94, 1.683, 1.494, 2.134, 94, 5423, 1.683, 1.494, 2.134, 94, 0.010800317529335373, 
2024-01-08 17:11:06.739402, 1.738, 1.549, 2.134, 94, 1.738, 1.549, 2.134, 94, 1.738, 1.549, 2.134, 94, 1.738, 1.549, 2.134, 94, 5423, 1.738, 1.549, 2.134, 94, 0.00916652458553558, 
2024-01-08 17:11:07.739302, 1.794, 1.605, 2.134, 94, 1.794, 1.605, 2.134, 94, 1.794, 1.605, 2.134, 94, 1.794, 1.605, 2.134, 94, 5423, 1.794, 1.605, 2.134, 94, 0.008000008000008007, 
2024-01-08 17:11:08.739582, 1.851, 1.662, 2.134, 94, 1.851, 1.662, 2.134, 94, 1.851, 1.662, 2.134, 94, 1.851, 1.662, 2.134, 94, 5423, 1.851, 1.662, 2.134, 94, 0.0071247568676718834, 
2024-01-08 17:11:09.739054, 1.909, 1.72, 2.134, 94, 1.909, 1.72, 2.134, 94, 1.909, 1.72, 2.134, 94, 1.909, 1.72, 2.134, 94, 5423, 1.909, 1.72, 2.134, 94, 0.006444627042210645, 
2024-01-08 17:11:10.739195, 1.968, 1.779, 2.134, 94, 1.968, 1.779, 2.134, 94, 1.968, 1.779, 2.134, 94, 1.968, 1.779, 2.134, 94, 5423, 1.968, 1.779, 2.134, 94, 0.005900067260766767, 
2024-01-08 17:11:11.739213, 2.028, 1.839, 2.134, 94, 2.028, 1.839, 2.134, 94, 2.028, 1.839, 2.134, 94, 2.028, 1.839, 2.134, 94, 5423, 2.028, 1.839, 2.134, 94, 0.005454593058266695, 
2024-01-08 17:11:12.739105, 2.089, 1.9, 2.134, 94, 2.089, 1.9, 2.134, 94, 2.089, 1.9, 2.134, 94, 2.089, 1.9, 2.134, 94, 5423, 2.089, 1.9, 2.134, 94, 0.005083419751469104, 
2024-01-08 17:11:13.739218, 2.151, 1.962, 2.134, 94, 2.151, 1.962, 2.134, 94, 2.151, 1.962, 2.134, 94, 2.151, 1.962, 2.134, 94, 5423, 2.151, 1.962, 2.134, 94, 0.004769264154079852, 
2024-01-08 17:11:14.739336, 2.214, 2.025, 2.134, 94, 2.214, 2.025, 2.134, 94, 2.214, 2.025, 2.134, 94, 2.214, 2.025, 2.134, 94, 5423, 2.214, 2.025, 2.134, 94, 0.004499991321445305, 
2024-01-08 17:11:15.739102, 2.278, 2.089, 2.134, 94, 2.278, 2.089, 2.134, 94, 2.278, 2.089, 2.134, 94, 2.278, 2.089, 2.134, 94, 5423, 2.278, 2.089, 2.134, 94, 0.004266725547479226, 
2024-01-08 17:11:16.739220, 2.343, 2.154, 2.134, 94, 2.343, 2.154, 2.134, 94, 2.343, 2.154, 2.134, 94, 2.343, 2.154, 2.134, 94, 5423, 2.343, 2.154, 2.134, 94, 0.004062522597781946, 
2024-01-08 17:11:17.739426, 2.409, 2.2199999999999998, 2.134, 94, 2.409, 2.2199999999999998, 2.134, 94, 2.409, 2.2199999999999998, 2.134, 94, 2.409, 2.2199999999999998, 2.134, 94, 5423, 2.409, 2.2199999999999998, 2.134, 94, 0.003882326221637171, 
2024-01-08 17:11:18.739183, 2.476, 2.287, 2.134, 94, 2.476, 2.287, 2.134, 94, 2.476, 2.287, 2.134, 94, 2.476, 2.287, 2.134, 94, 5423, 2.476, 2.287, 2.134, 94, 0.003722248277960178, 
2024-01-08 17:11:19.739103, 2.544, 2.355, 2.134, 94, 2.544, 2.355, 2.134, 94, 2.544, 2.355, 2.134, 94, 2.544, 2.355, 2.134, 94, 5423, 2.544, 2.355, 2.134, 94, 0.0035789861721658694, 
2024-01-08 17:11:20.739303, 2.613, 2.424, 2.134, 94, 2.613, 2.424, 2.134, 94, 2.613, 2.424, 2.134, 94, 2.613, 2.424, 2.134, 94, 5423, 2.613, 2.424, 2.134, 94, 0.003450001035000308, 
2024-01-08 17:11:21.738971, 2.683, 2.4939999999999998, 2.134, 94, 2.683, 2.4939999999999998, 2.134, 94, 2.683, 2.4939999999999998, 2.134, 94, 2.683, 2.4939999999999998, 2.134, 94, 5423, 2.683, 2.4939999999999998, 2.134, 94, 0.0033333869849905126, 
2024-01-08 17:11:22.739253, 2.754, 2.565, 2.134, 94, 2.754, 2.565, 2.134, 94, 2.754, 2.565, 2.134, 94, 2.754, 2.565, 2.134, 94, 5423, 2.754, 2.565, 2.134, 94, 0.003227280942169679, 
2024-01-08 17:11:23.739174, 2.826, 2.637, 2.134, 94, 2.826, 2.637, 2.134, 94, 2.826, 2.637, 2.134, 94, 2.826, 2.637, 2.134, 94, 5423, 2.826, 2.637, 2.134, 94, 0.0031304531570076634, 
2024-01-08 17:11:24.739323, 2.899, 2.71, 2.134, 94, 2.899, 2.71, 2.134, 94, 2.899, 2.71, 2.134, 94, 2.899, 2.71, 2.134, 94, 5423, 2.899, 2.71, 2.134, 94, 0.003041664892362144, 
2024-01-08 17:11:25.739036, 2.973, 2.784, 2.134, 94, 2.973, 2.784, 2.134, 94, 2.973, 2.784, 2.134, 94, 2.973, 2.784, 2.134, 94, 5423, 2.973, 2.784, 2.134, 94, 0.002960032323552967, 
2024-01-08 17:11:26.739136, 3.048, 2.859, 2.134, 94, 3.048, 2.859, 2.134, 94, 3.048, 2.859, 2.134, 94, 3.048, 2.859, 2.134, 94, 5423, 3.048, 2.859, 2.134, 94, 0.002884634578530087, 
2024-01-08 17:11:27.739078, 3.124, 2.935, 2.134, 94, 3.124, 2.935, 2.134, 94, 3.124, 2.935, 2.134, 94, 3.124, 2.935, 2.134, 94, 5423, 3.124, 2.935, 2.134, 94, 0.0028148388973253833, 
2024-01-08 17:11:28.739127, 3.201, 3.012, 2.134, 94, 3.201, 3.012, 2.134, 94, 3.201, 3.012, 2.134, 94, 3.201, 3.012, 2.134, 94, 5423, 3.201, 3.012, 2.134, 94, 0.0027500178751161865, 
2024-01-08 17:11:29.738931, 3.279, 3.09, 2.134, 94, 3.279, 3.09, 2.134, 94, 3.279, 3.09, 2.134, 94, 3.279, 3.09, 2.134, 94, 5423, 3.279, 3.09, 2.134, 94, 0.002689690231134732, 
2024-01-08 17:11:30.739151, 3.358, 3.169, 2.134, 94, 3.358, 3.169, 2.134, 94, 3.358, 3.169, 2.134, 94, 3.358, 3.169, 2.134, 94, 5423, 3.358, 3.169, 2.134, 94, 0.0026333472022952715, 
2024-01-08 17:11:31.739101, 3.438, 3.249, 2.134, 94, 3.438, 3.249, 2.134, 94, 3.438, 3.249, 2.134, 94, 3.438, 3.249, 2.134, 94, 5423, 3.438, 3.249, 2.134, 94, 0.002580662476703072, 
2024-01-08 17:11:32.739409, 3.519, 3.33, 2.134, 94, 3.519, 3.33, 2.134, 94, 3.519, 3.33, 2.134, 94, 3.519, 3.33, 2.134, 94, 5423, 3.519, 3.33, 2.134, 94, 0.0025312420898684677, 
2024-02-05 08:53:48.198472, 1.423, 1.234, 2.134, 94, 1.423, 1.234, 2.134, 94, 1.423, 1.234, 2.134, 94, 1.423, 1.234, 2.134, 94, 5423, 1.423, 1.234, 2.134, 94, -9.9, 
2024-02-05 08:53:49.198339, 1.473, 1.284, 2.134, 94, 1.473, 1.284, 2.134, 94, 1.473, 1.284, 2.134, 94, 1.473, 1.284, 2.134, 94, 5423, 1.473, 1.284, 2.134, 94, 0.0500066508845677, 
2024-02-05 08:53:50.198467, 1.524, 1.335, 2.134, 94, 1.524, 1.335, 2.134, 94, 1.524, 1.335, 2.134, 94, 1.524, 1.335, 2.134, 94, 5423, 1.524, 1.335, 2.134, 94, 0.025500063750159344, 
2024-02-05 08:53:51.198436, 1.576, 1.387, 2.134, 94, 1.576, 1.387, 2.134, 94, 1.576, 1.387, 2.134, 94, 1.576, 1.387, 2.134, 94, 5423, 1.576, 1.387, 2.134, 94, 0.01733354133582938, 
2024-02-05 08:53:52.198407, 1.629, 1.44, 2.134, 94, 1.629, 1.44, 2.134, 94, 1.629, 1.44, 2.134, 94, 1.629, 1.44, 2.134, 94, 5423, 1.629, 1.44, 2.134, 94, 0.01325021531599887, 
2024-02-05 08:53:53.198509, 1.683, 1.494, 2.134, 94, 1.683, 1.494, 2.134, 94, 1.683, 1.494, 2.134, 94, 1.683, 1.494, 2.134, 94, 5423, 1.683, 1.494, 2.134, 94, 0.010799920080591413, 
2024-02-05 08:53:54.198389, 1.738, 1.549, 2.134, 94, 1.738, 1.549, 2.134, 94, 1.738, 1.549, 2.134, 94, 1.738, 1.549, 2.134, 94, 5423, 1.738, 1.549, 2.134, 94, 0.00916679347397638, 
2024-02-05 08:53:55.198058, 1.794, 1.605, 2.134, 94, 1.794, 1.605, 2.134, 94, 1.794, 1.605, 2.134, 94, 1.794, 1.605, 2.134, 94, 5423, 1.794, 1.605, 2.134, 94, 0.008000473170841826, 
2024-02-05 08:53:56.198675, 1.851, 1.662, 2.134, 94, 1.851, 1.662, 2.134, 94, 1.851, 1.662, 2.134, 94, 1.851, 1.662, 2.134, 94, 5423, 1.851, 1.662, 2.134, 94, 0.007124819207712596, 
2024-02-05 08:53:57.198723, 1.909, 1.72, 2.134, 94, 1.909, 1.72, 2.134, 94, 1.909, 1.72, 2.134, 94, 1.909, 1.72, 2.134, 94, 5423, 1.909, 1.72, 2.134, 94, 0.006444264721061674, 
2024-02-05 08:53:58.198503, 1.968, 1.779, 2.134, 94, 1.968, 1.779, 2.134, 94, 1.968, 1.779, 2.134, 94, 1.968, 1.779, 2.134, 94, 5423, 1.968, 1.779, 2.134, 94, 0.0058999817100566935, 
2024-02-05 08:53:59.198835, 2.028, 1.839, 2.134, 94, 2.028, 1.839, 2.134, 94, 2.028, 1.839, 2.134, 94, 2.028, 1.839, 2.134, 94, 5423, 2.028, 1.839, 2.134, 94, 0.005454365460485264, 
2024-02-05 08:54:00.198586, 2.089, 1.9, 2.134, 94, 2.089, 1.9, 2.134, 94, 2.089, 1.9, 2.134, 94, 2.089, 1.9, 2.134, 94, 5423, 2.089, 1.9, 2.134, 94, 0.005083285042125428, 
2024-02-05 08:54:01.198742, 2.151, 1.962, 2.134, 94, 2.151, 1.962, 2.134, 94, 2.151, 1.962, 2.134, 94, 2.151, 1.962, 2.134, 94, 5423, 2.151, 1.962, 2.134, 94, 0.004769131718033553, 
2024-02-05 08:54:02.198505, 2.214, 2.025, 2.134, 94, 2.214, 2.025, 2.134, 94, 2.214, 2.025, 2.134, 94, 2.214, 2.025, 2.134, 94, 5423, 2.214, 2.025, 2.134, 94, 0.004499989392882141, 
2024-02-05 08:54:03.197782, 2.278, 2.089, 2.134, 94, 2.278, 2.089, 2.134, 94, 2.278, 2.089, 2.134, 94, 2.278, 2.089, 2.134, 94, 5423, 2.278, 2.089, 2.134, 94, 0.004266862942362019, 
2024-02-05 08:54:04.198401, 2.343, 2.154, 2.134, 94, 2.343, 2.154, 2.134, 94, 2.343, 2.154, 2.134, 94, 2.343, 2.154, 2.134, 94, 5423, 2.343, 2.154, 2.134, 94, 0.004062518027423743, 
2024-02-05 09:07:10.775736, 1.423, 1.234, 2.134, 94, 1.423, 1.234, 2.134, 94, 1.423, 1.234, 2.134, 94, 1.423, 1.234, 2.134, 94, 5423, 1.423, 1.234, 2.134, 94, -9.9, 
2024-02-05 09:07:11.775733, 1.473, 1.284, 2.134, 94, 1.473, 1.284, 2.134, 94, 1.473, 1.284, 2.134, 94, 1.473, 1.284, 2.134, 94, 5423, 1.473, 1.284, 2.134, 94, 0.05000015000045004, 
2024-02-05 09:07:12.775671, 1.524, 1.335, 2.134, 94, 1.524, 1.335, 2.134, 94, 1.524, 1.335, 2.134, 94, 1.524, 1.335, 2.134, 94, 5423, 1.524, 1.335, 2.134, 94, 0.025500828776935217, 
2024-02-05 09:07:13.776113, 1.576, 1.387, 2.134, 94, 1.576, 1.387, 2.134, 94, 1.576, 1.387, 2.134, 94, 1.576, 1.387, 2.134, 94, 5423, 1.576, 1.387, 2.134, 94, 0.01733115538480666, 
2024-02-05 09:07:14.775825, 1.629, 1.44, 2.134, 94, 1.629, 1.44, 2.134, 94, 1.629, 1.44, 2.134, 94, 1.629, 1.44, 2.134, 94, 5423, 1.629, 1.44, 2.134, 94, 0.013249705194059417, 
2024-02-05 09:07:15.775988, 1.683, 1.494, 2.134, 94, 1.683, 1.494, 2.134, 94, 1.683, 1.494, 2.134, 94, 1.683, 1.494, 2.134, 94, 5423, 1.683, 1.494, 2.134, 94, 0.010799455707432355, 
2024-02-05 09:07:16.775711, 1.738, 1.549, 2.134, 94, 1.738, 1.549, 2.134, 94, 1.738, 1.549, 2.134, 94, 1.738, 1.549, 2.134, 94, 5423, 1.738, 1.549, 2.134, 94, 0.009166704861270246, 
2024-02-05 09:07:17.776046, 1.794, 1.605, 2.134, 94, 1.794, 1.605, 2.134, 94, 1.794, 1.605, 2.134, 94, 1.794, 1.605, 2.134, 94, 5423, 1.794, 1.605, 2.134, 94, 0.007999645729974823, 
2024-02-05 09:07:18.775821, 1.851, 1.662, 2.134, 94, 1.851, 1.662, 2.134, 94, 1.851, 1.662, 2.134, 94, 1.851, 1.662, 2.134, 94, 5423, 1.851, 1.662, 2.134, 94, 0.0071249242976793295, 
2024-02-05 09:07:19.775890, 1.909, 1.72, 2.134, 94, 1.909, 1.72, 2.134, 94, 1.909, 1.72, 2.134, 94, 1.909, 1.72, 2.134, 94, 5423, 1.909, 1.72, 2.134, 94, 0.006444334174726349, 
2024-02-05 09:07:20.776220, 1.968, 1.779, 2.134, 94, 1.968, 1.779, 2.134, 94, 1.968, 1.779, 2.134, 94, 1.968, 1.779, 2.134, 94, 5423, 1.968, 1.779, 2.134, 94, 0.0058997144538204295, 
2024-02-05 09:07:21.775678, 2.028, 1.839, 2.134, 94, 2.028, 1.839, 2.134, 94, 2.028, 1.839, 2.134, 94, 2.028, 1.839, 2.134, 94, 5423, 2.028, 1.839, 2.134, 94, 0.005454574215027683, 
2024-02-05 09:07:22.776010, 2.089, 1.9, 2.134, 94, 2.089, 1.9, 2.134, 94, 2.089, 1.9, 2.134, 94, 2.089, 1.9, 2.134, 94, 5423, 2.089, 1.9, 2.134, 94, 0.0050832172665390765, 
2024-02-05 09:07:23.776202, 2.151, 1.962, 2.134, 94, 2.151, 1.962, 2.134, 94, 2.151, 1.962, 2.134, 94, 2.151, 1.962, 2.134, 94, 5423, 2.151, 1.962, 2.134, 94, 0.00476905981677888, 
2024-02-05 09:07:24.775874, 2.214, 2.025, 2.134, 94, 2.214, 2.025, 2.134, 94, 2.214, 2.025, 2.134, 94, 2.214, 2.025, 2.134, 94, 5423, 2.214, 2.025, 2.134, 94, 0.004499955643294369, 
2024-02-05 09:07:25.776103, 2.278, 2.089, 2.134, 94, 2.278, 2.089, 2.134, 94, 2.278, 2.089, 2.134, 94, 2.278, 2.089, 2.134, 94, 5423, 2.278, 2.089, 2.134, 94, 0.004266562278109599, 
2024-02-05 09:07:26.775854, 2.343, 2.154, 2.134, 94, 2.343, 2.154, 2.134, 94, 2.343, 2.154, 2.134, 94, 2.343, 2.154, 2.134, 94, 5423, 2.343, 2.154, 2.134, 94, 0.004062470039283457, 
2024-02-05 09:07:27.775961, 2.409, 2.2199999999999998, 2.134, 94, 2.409, 2.2199999999999998, 2.134, 94, 2.409, 2.2199999999999998, 2.134, 94, 2.409, 2.2199999999999998, 2.134, 94, 5423, 2.409, 2.2199999999999998, 2.134, 94, 0.0038823015577734905, 
2024-02-05 09:07:28.775921, 2.476, 2.287, 2.134, 94, 2.476, 2.287, 2.134, 94, 2.476, 2.287, 2.134, 94, 2.476, 2.287, 2.134, 94, 5423, 2.476, 2.287, 2.134, 94, 0.003722183966442577, 
2024-02-05 09:07:29.776001, 2.544, 2.355, 2.134, 94, 2.544, 2.355, 2.134, 94, 2.544, 2.355, 2.134, 94, 2.544, 2.355, 2.134, 94, 5423, 2.544, 2.355, 2.134, 94, 0.0035788974522197488, 
2024-02-05 09:07:30.775791, 2.613, 2.424, 2.134, 94, 2.613, 2.424, 2.134, 94, 2.613, 2.424, 2.134, 94, 2.613, 2.424, 2.134, 94, 5423, 2.613, 2.424, 2.134, 94, 0.003449990512526088, 
2024-02-05 09:07:31.775672, 2.683, 2.4939999999999998, 2.134, 94, 2.683, 2.4939999999999998, 2.134, 94, 2.683, 2.4939999999999998, 2.134, 94, 2.683, 2.4939999999999998, 2.134, 94, 5423, 2.683, 2.4939999999999998, 2.134, 94, 0.003333343492094444, 
2024-02-05 09:07:32.775675, 2.754, 2.565, 2.134, 94, 2.754, 2.565, 2.134, 94, 2.754, 2.565, 2.134, 94, 2.754, 2.565, 2.134, 94, 5423, 2.754, 2.565, 2.134, 94, 0.0032272816756446538, 
2024-02-05 09:07:33.776049, 2.826, 2.637, 2.134, 94, 2.826, 2.637, 2.134, 94, 2.826, 2.637, 2.134, 94, 2.826, 2.637, 2.134, 94, 5423, 2.826, 2.637, 2.134, 94, 0.003130392182054221, 
2024-02-05 09:07:34.775943, 2.899, 2.71, 2.134, 94, 2.899, 2.71, 2.134, 94, 2.899, 2.71, 2.134, 94, 2.899, 2.71, 2.134, 94, 5423, 2.899, 2.71, 2.134, 94, 0.003041640432517934, 
2024-02-05 09:07:35.775857, 2.973, 2.784, 2.134, 94, 2.973, 2.784, 2.134, 94, 2.973, 2.784, 2.134, 94, 2.973, 2.784, 2.134, 94, 5423, 2.973, 2.784, 2.134, 94, 0.002959985673669333, 
2024-02-05 09:07:36.776004, 3.048, 2.859, 2.134, 94, 3.048, 2.859, 2.134, 94, 3.048, 2.859, 2.134, 94, 3.048, 2.859, 2.134, 94, 5423, 3.048, 2.859, 2.134, 94, 0.002884585651194064, 
2024-02-05 09:07:37.776257, 3.124, 2.935, 2.134, 94, 3.124, 2.935, 2.134, 94, 3.124, 2.935, 2.134, 94, 3.124, 2.935, 2.134, 94, 5423, 3.124, 2.935, 2.134, 94, 0.0028147605003621995, 
2024-02-05 09:07:38.776130, 3.201, 3.012, 2.134, 94, 3.201, 3.012, 2.134, 94, 3.201, 3.012, 2.134, 94, 3.201, 3.012, 2.134, 94, 5423, 3.201, 3.012, 2.134, 94, 0.0027499613041159334, 
2024-02-05 09:07:39.775923, 3.279, 3.09, 2.134, 94, 3.279, 3.09, 2.134, 94, 3.279, 3.09, 2.134, 94, 3.279, 3.09, 2.134, 94, 5423, 3.279, 3.09, 2.134, 94, 0.002689637828887098, 
2024-02-05 09:07:40.775694, 3.358, 3.169, 2.134, 94, 3.358, 3.169, 2.134, 94, 3.358, 3.169, 2.134, 94, 3.358, 3.169, 2.134, 94, 5423, 3.358, 3.169, 2.134, 94, 0.0026333370200051676, 
2024-02-05 10:50:24.158546, 1.629, 1.44, 2.134, 94, 1.629, 1.44, 2.134, 94, 1.629, 1.44, 2.134, 94, 1.629, 1.44, 2.134, 94, 5423, 1.629, 1.44, 2.134, 94, -9.9, 
2024-02-05 10:50:25.158575, 1.683, 1.494, 2.134, 94, 1.683, 1.494, 2.134, 94, 1.683, 1.494, 2.134, 94, 1.683, 1.494, 2.134, 94, 5423, 1.683, 1.494, 2.134, 94, 0.05399843404541273, 
2024-02-05 10:50:26.158879, 1.738, 1.549, 2.134, 94, 1.738, 1.549, 2.134, 94, 1.738, 1.549, 2.134, 94, 1.738, 1.549, 2.134, 94, 5423, 1.738, 1.549, 2.134, 94, 0.027495422012234934, 
2024-02-05 10:50:27.158830, 1.794, 1.605, 2.134, 94, 1.794, 1.605, 2.134, 94, 1.794, 1.605, 2.134, 94, 1.794, 1.605, 2.134, 94, 5423, 1.794, 1.605, 2.134, 94, 0.018664899722826256, 
2024-02-05 10:50:28.158721, 1.851, 1.662, 2.134, 94, 1.851, 1.662, 2.134, 94, 1.851, 1.662, 2.134, 94, 1.851, 1.662, 2.134, 94, 5423, 1.851, 1.662, 2.134, 94, 0.014249376589774184, 
2024-02-05 10:50:29.158888, 1.909, 1.72, 2.134, 94, 1.909, 1.72, 2.134, 94, 1.909, 1.72, 2.134, 94, 1.909, 1.72, 2.134, 94, 5423, 1.909, 1.72, 2.134, 94, 0.011599206614267594, 
2024-02-05 10:50:30.159173, 1.968, 1.779, 2.134, 94, 1.968, 1.779, 2.134, 94, 1.968, 1.779, 2.134, 94, 1.968, 1.779, 2.134, 94, 5423, 1.968, 1.779, 2.134, 94, 0.009832305857371229, 
2024-02-05 10:50:31.158575, 2.028, 1.839, 2.134, 94, 2.028, 1.839, 2.134, 94, 2.028, 1.839, 2.134, 94, 2.028, 1.839, 2.134, 94, 5423, 2.028, 1.839, 2.134, 94, 0.008571393061371611, 
2024-02-05 10:50:39.158545, 2.544, 2.355, 2.134, 94, 2.544, 2.355, 2.134, 94, 2.544, 2.355, 2.134, 94, 2.544, 2.355, 2.134, 94, 5423, 2.544, 2.355, 2.134, 94, -9.9, 
2024-02-05 10:50:40.158386, 2.613, 2.424, 2.134, 94, 2.613, 2.424, 2.134, 94, 2.613, 2.424, 2.134, 94, 2.613, 2.424, 2.134, 94, 5423, 2.613, 2.424, 2.134, 94, 0.06901097274466636, 
2024-02-05 10:50:41.158473, 2.683, 2.4939999999999998, 2.134, 94, 2.683, 2.4939999999999998, 2.134, 94, 2.683, 2.4939999999999998, 2.134, 94, 2.683, 2.4939999999999998, 2.134, 94, 5423, 2.683, 2.4939999999999998, 2.134, 94, 0.035001260045361554, 
2024-02-05 10:50:42.158743, 2.754, 2.565, 2.134, 94, 2.754, 2.565, 2.134, 94, 2.754, 2.565, 2.134, 94, 2.754, 2.565, 2.134, 94, 5423, 2.754, 2.565, 2.134, 94, 0.02366510476975192, 
2024-02-05 10:50:43.158243, 2.826, 2.637, 2.134, 94, 2.826, 2.637, 2.134, 94, 2.826, 2.637, 2.134, 94, 2.826, 2.637, 2.134, 94, 5423, 2.826, 2.637, 2.134, 94, 0.018001359102612264, 
2024-02-05 10:50:44.158322, 2.899, 2.71, 2.134, 94, 2.899, 2.71, 2.134, 94, 2.899, 2.71, 2.134, 94, 2.899, 2.71, 2.134, 94, 5423, 2.899, 2.71, 2.134, 94, 0.014600651189043022, 
2024-02-05 10:50:45.158518, 2.973, 2.784, 2.134, 94, 2.973, 2.784, 2.134, 94, 2.973, 2.784, 2.134, 94, 2.973, 2.784, 2.134, 94, 5423, 2.973, 2.784, 2.134, 94, 0.01233338883358306, 
2024-02-05 10:50:46.158540, 3.048, 2.859, 2.134, 94, 3.048, 2.859, 2.134, 94, 3.048, 2.859, 2.134, 94, 3.048, 2.859, 2.134, 94, 5423, 3.048, 2.859, 2.134, 94, 0.010714293367352431, 
2024-02-05 10:50:47.158442, 3.124, 2.935, 2.134, 94, 3.124, 2.935, 2.134, 94, 3.124, 2.935, 2.134, 94, 3.124, 2.935, 2.134, 94, 5423, 3.124, 2.935, 2.134, 94, 0.009500122314074802, 
2024-02-05 10:50:48.158088, 3.201, 3.012, 2.134, 94, 3.201, 3.012, 2.134, 94, 3.201, 3.012, 2.134, 94, 3.201, 3.012, 2.134, 94, 5423, 3.201, 3.012, 2.134, 94, 0.008555990009714933, 
2024-02-05 10:50:49.158441, 3.279, 3.09, 2.134, 94, 3.279, 3.09, 2.134, 94, 3.279, 3.09, 2.134, 94, 3.279, 3.09, 2.134, 94, 5423, 3.279, 3.09, 2.134, 94, 0.007800081120843642, 
2024-02-05 10:50:50.158455, 3.358, 3.169, 2.134, 94, 3.358, 3.169, 2.134, 94, 3.358, 3.169, 2.134, 94, 3.358, 3.169, 2.134, 94, 5423, 3.358, 3.169, 2.134, 94, 0.007181876942629548, 
2024-02-05 10:50:51.158648, 3.438, 3.249, 2.134, 94, 3.438, 3.249, 2.134, 94, 3.438, 3.249, 2.134, 94, 3.438, 3.249, 2.134, 94, 5423, 3.438, 3.249, 2.134, 94, 0.0066666094449356035, 
2024-02-05 10:50:52.158468, 3.519, 3.33, 2.134, 94, 3.519, 3.33, 2.134, 94, 3.519, 3.33, 2.134, 94, 3.519, 3.33, 2.134, 94, 5423, 3.519, 3.33, 2.134, 94, 0.0062308061363132656, 
2024-02-05 10:50:53.158335, 3.601, 3.412, 2.134, 94, 3.601, 3.412, 2.134, 94, 3.601, 3.412, 2.134, 94, 3.601, 3.412, 2.134, 94, 5423, 3.601, 3.412, 2.134, 94, 0.0058572307156035805, 
2024-02-05 10:50:54.158042, 3.684, 3.495, 2.134, 94, 3.684, 3.495, 2.134, 94, 3.684, 3.495, 2.134, 94, 3.684, 3.495, 2.134, 94, 5423, 3.684, 3.495, 2.134, 94, 0.005533518890666812, 
2024-02-05 10:50:55.158472, 3.7680000000000002, 3.579, 2.134, 94, 3.7680000000000002, 3.579, 2.134, 94, 3.7680000000000002, 3.579, 2.134, 94, 3.7680000000000002, 3.579, 2.134, 94, 5423, 3.7680000000000002, 3.579, 2.134, 94, 0.005250023953234291, 
2024-02-05 10:50:56.158387, 3.853, 3.664, 2.134, 94, 3.853, 3.664, 2.134, 94, 3.853, 3.664, 2.134, 94, 3.853, 3.664, 2.134, 94, 5423, 3.853, 3.664, 2.134, 94, 0.00500004647102014, 
2024-02-05 10:50:57.158540, 3.939, 3.75, 2.134, 94, 3.939, 3.75, 2.134, 94, 3.939, 3.75, 2.134, 94, 3.939, 3.75, 2.134, 94, 5423, 3.939, 3.75, 2.134, 94, 0.004777779104938633, 
2024-02-05 10:50:58.158363, 4.026, 3.837, 2.134, 94, 4.026, 3.837, 2.134, 94, 4.026, 3.837, 2.134, 94, 4.026, 3.837, 2.134, 94, 5423, 4.026, 3.837, 2.134, 94, 0.004578991230337058, 
2024-02-05 10:50:59.158431, 4.114, 3.9250000000000003, 2.134, 94, 4.114, 3.9250000000000003, 2.134, 94, 4.114, 3.9250000000000003, 2.134, 94, 4.114, 3.9250000000000003, 2.134, 94, 5423, 4.114, 3.9250000000000003, 2.134, 94, 0.004400025080142961, 
2024-02-05 10:51:00.158490, 4.203, 4.014, 2.134, 94, 4.203, 4.014, 2.134, 94, 4.203, 4.014, 2.134, 94, 4.203, 4.014, 2.134, 94, 5423, 4.203, 4.014, 2.134, 94, 0.00423810633789755, 
2024-02-05 10:51:01.158539, 4.293, 4.104, 2.134, 94, 4.293, 4.104, 2.134, 94, 4.293, 4.104, 2.134, 94, 4.293, 4.104, 2.134, 94, 5423, 4.293, 4.104, 2.134, 94, 0.004090910206611868, 
2024-02-05 10:51:02.158492, 4.384, 4.195, 2.134, 94, 4.384, 4.195, 2.134, 94, 4.384, 4.195, 2.134, 94, 4.384, 4.195, 2.134, 94, 5423, 4.384, 4.195, 2.134, 94, 0.003956530856353721, 
2024-02-05 10:51:03.158699, 4.476, 4.287, 2.134, 94, 4.476, 4.287, 2.134, 94, 4.476, 4.287, 2.134, 94, 4.476, 4.287, 2.134, 94, 5423, 4.476, 4.287, 2.134, 94, 0.0038333087362689275, 
2024-02-05 10:51:04.158448, 4.569, 4.38, 2.134, 94, 4.569, 4.38, 2.134, 94, 4.569, 4.38, 2.134, 94, 4.569, 4.38, 2.134, 94, 5423, 4.569, 4.38, 2.134, 94, 0.0037200144336560015, 
2024-02-05 10:51:05.158510, 4.663, 4.474, 2.134, 94, 4.663, 4.474, 2.134, 94, 4.663, 4.474, 2.134, 94, 4.663, 4.474, 2.134, 94, 5423, 4.663, 4.474, 2.134, 94, 0.003615389482255084, 
2024-02-05 10:51:06.158487, 4.758, 4.569, 2.134, 94, 4.758, 4.569, 2.134, 94, 4.758, 4.569, 2.134, 94, 4.758, 4.569, 2.134, 94, 5423, 4.758, 4.569, 2.134, 94, 0.0035185260768337855, 
2024-02-05 10:51:07.158527, 4.854, 4.665, 2.134, 94, 4.854, 4.665, 2.134, 94, 4.854, 4.665, 2.134, 94, 4.854, 4.665, 2.134, 94, 5423, 4.854, 4.665, 2.134, 94, 0.003428573632654481, 
2024-02-05 10:51:08.158437, 4.9510000000000005, 4.7620000000000005, 2.134, 94, 4.9510000000000005, 4.7620000000000005, 2.134, 94, 4.9510000000000005, 4.7620000000000005, 2.134, 94, 4.9510000000000005, 4.7620000000000005, 2.134, 94, 5423, 4.9510000000000005, 4.7620000000000005, 2.134, 94, 0.0033448400428525878, 
2024-02-05 10:51:09.158538, 5.049, 4.86, 2.134, 94, 5.049, 4.86, 2.134, 94, 5.049, 4.86, 2.134, 94, 5.049, 4.86, 2.134, 94, 5423, 5.049, 4.86, 2.134, 94, 0.0032666674288890623, 
2024-02-05 10:51:10.158337, 5.148000000000001, 4.9590000000000005, 2.134, 94, 5.148000000000001, 4.9590000000000005, 2.134, 94, 5.148000000000001, 4.9590000000000005, 2.134, 94, 5.148000000000001, 4.9590000000000005, 2.134, 94, 5423, 5.148000000000001, 4.9590000000000005, 2.134, 94, 0.003193569814920055, 
2024-02-05 10:51:11.158534, 5.248, 5.059, 2.134, 94, 5.248, 5.059, 2.134, 94, 5.248, 5.059, 2.134, 94, 5.248, 5.059, 2.134, 94, 5423, 5.248, 5.059, 2.134, 94, 0.0031250010742191084, 
2024-02-05 10:51:12.158633, 5.349, 5.16, 2.134, 94, 5.349, 5.16, 2.134, 94, 5.349, 5.16, 2.134, 94, 5.349, 5.16, 2.134, 94, 5423, 5.349, 5.16, 2.134, 94, 0.003060597899011663, 
2024-02-05 10:51:13.158669, 5.4510000000000005, 5.2620000000000005, 2.134, 94, 5.4510000000000005, 5.2620000000000005, 2.134, 94, 5.4510000000000005, 5.2620000000000005, 2.134, 94, 5.4510000000000005, 5.2620000000000005, 2.134, 94, 5423, 5.4510000000000005, 5.2620000000000005, 2.134, 94, 0.0029999890588634417, 
2024-02-05 10:51:14.158576, 5.554, 5.365, 2.134, 94, 5.554, 5.365, 2.134, 94, 5.554, 5.365, 2.134, 94, 5.554, 5.365, 2.134, 94, 5423, 5.554, 5.365, 2.134, 94, 0.0029428545363288324, 
2024-02-05 10:51:15.158406, 5.658, 5.469, 2.134, 94, 5.658, 5.469, 2.134, 94, 5.658, 5.469, 2.134, 94, 5.658, 5.469, 2.134, 94, 5423, 5.658, 5.469, 2.134, 94, 0.002888900043252947, 
2024-02-05 10:51:16.158637, 5.763000000000001, 5.574000000000001, 2.134, 94, 5.763000000000001, 5.574000000000001, 2.134, 94, 5.763000000000001, 5.574000000000001, 2.134, 94, 5.763000000000001, 5.574000000000001, 2.134, 94, 5423, 5.763000000000001, 5.574000000000001, 2.134, 94, 0.00283783078160996, 
2024-02-05 10:51:17.157956, 5.869000000000001, 5.680000000000001, 2.134, 94, 5.869000000000001, 5.680000000000001, 2.134, 94, 5.869000000000001, 5.680000000000001, 2.134, 94, 5.869000000000001, 5.680000000000001, 2.134, 94, 5423, 5.869000000000001, 5.680000000000001, 2.134, 94, 0.0027895169217228093, 
2024-02-05 10:51:18.158751, 5.976000000000001, 5.787000000000001, 2.134, 94, 5.976000000000001, 5.787000000000001, 2.134, 94, 5.976000000000001, 5.787000000000001, 2.134, 94, 5.976000000000001, 5.787000000000001, 2.134, 94, 5423, 5.976000000000001, 5.787000000000001, 2.134, 94, 0.0027435752518845725, 
2024-02-05 10:51:19.158688, 6.0840000000000005, 5.8950000000000005, 2.134, 94, 6.0840000000000005, 5.8950000000000005, 2.134, 94, 6.0840000000000005, 5.8950000000000005, 2.134, 94, 6.0840000000000005, 5.8950000000000005, 2.134, 94, 5423, 6.0840000000000005, 5.8950000000000005, 2.134, 94, 0.0026999903475344988, 
2024-02-05 10:51:20.158769, 6.1930000000000005, 6.0040000000000004, 2.134, 94, 6.1930000000000005, 6.0040000000000004, 2.134, 94, 6.1930000000000005, 6.0040000000000004, 2.134, 94, 6.1930000000000005, 6.0040000000000004, 2.134, 94, 5423, 6.1930000000000005, 6.0040000000000004, 2.134, 94, 0.0026585220607575214, 
2024-02-05 10:51:21.158582, 6.303000000000001, 6.114000000000001, 2.134, 94, 6.303000000000001, 6.114000000000001, 2.134, 94, 6.303000000000001, 6.114000000000001, 2.134, 94, 6.303000000000001, 6.114000000000001, 2.134, 94, 5423, 6.303000000000001, 6.114000000000001, 2.134, 94, 0.0026190453117934235, 
2024-02-05 10:51:22.158917, 6.414000000000001, 6.2250000000000005, 2.134, 94, 6.414000000000001, 6.2250000000000005, 2.134, 94, 6.414000000000001, 6.2250000000000005, 2.134, 94, 6.414000000000001, 6.2250000000000005, 2.134, 94, 5423, 6.414000000000001, 6.2250000000000005, 2.134, 94, 0.0025813730169590107, 
2024-02-05 10:51:23.158400, 6.526000000000001, 6.337000000000001, 2.134, 94, 6.526000000000001, 6.337000000000001, 2.134, 94, 6.526000000000001, 6.337000000000001, 2.134, 94, 6.526000000000001, 6.337000000000001, 2.134, 94, 5423, 6.526000000000001, 6.337000000000001, 2.134, 94, 0.002545462933911944, 
2024-02-05 10:51:24.158714, 6.639000000000001, 6.450000000000001, 2.134, 94, 6.639000000000001, 6.450000000000001, 2.134, 94, 6.639000000000001, 6.450000000000001, 2.134, 94, 6.639000000000001, 6.450000000000001, 2.134, 94, 5423, 6.639000000000001, 6.450000000000001, 2.134, 94, 0.002511101680529254, 
2024-02-05 10:51:25.158523, 6.753000000000001, 6.564000000000001, 2.134, 94, 6.753000000000001, 6.564000000000001, 2.134, 94, 6.753000000000001, 6.564000000000001, 2.134, 94, 6.753000000000001, 6.564000000000001, 2.134, 94, 5423, 6.753000000000001, 6.564000000000001, 2.134, 94, 0.0024782620548209804, 
2024-02-05 10:51:26.158491, 6.868000000000001, 6.679000000000001, 2.134, 94, 6.868000000000001, 6.679000000000001, 2.134, 94, 6.868000000000001, 6.679000000000001, 2.134, 94, 6.868000000000001, 6.679000000000001, 2.134, 94, 5423, 6.868000000000001, 6.679000000000001, 2.134, 94, 0.0024468113218683316, 
2024-02-05 10:51:27.158369, 6.984000000000001, 6.795000000000001, 2.134, 94, 6.984000000000001, 6.795000000000001, 2.134, 94, 6.984000000000001, 6.795000000000001, 2.134, 94, 6.984000000000001, 6.795000000000001, 2.134, 94, 5423, 6.984000000000001, 6.795000000000001, 2.134, 94, 0.0024166755278102617, 
2024-02-05 10:51:28.158572, 7.101000000000001, 6.912000000000001, 2.134, 94, 7.101000000000001, 6.912000000000001, 2.134, 94, 7.101000000000001, 6.912000000000001, 2.134, 94, 7.101000000000001, 6.912000000000001, 2.134, 94, 5423, 7.101000000000001, 6.912000000000001, 2.134, 94, 0.00238775378633975, 
2024-02-05 10:51:29.158475, 7.219000000000001, 7.030000000000001, 2.134, 94, 7.219000000000001, 7.030000000000001, 2.134, 94, 7.219000000000001, 7.030000000000001, 2.134, 94, 7.219000000000001, 7.030000000000001, 2.134, 94, 5423, 7.219000000000001, 7.030000000000001, 2.134, 94, 0.002360003304004632, 
2024-02-05 10:51:30.158567, 7.338000000000001, 7.149000000000001, 2.134, 94, 7.338000000000001, 7.149000000000001, 2.134, 94, 7.338000000000001, 7.149000000000001, 2.134, 94, 7.338000000000001, 7.149000000000001, 2.134, 94, 5423, 7.338000000000001, 7.149000000000001, 2.134, 94, 0.0023333323267978154, 
2024-02-05 10:51:31.158598, 7.458000000000001, 7.269000000000001, 2.134, 94, 7.458000000000001, 7.269000000000001, 2.134, 94, 7.458000000000001, 7.269000000000001, 2.134, 94, 7.458000000000001, 7.269000000000001, 2.134, 94, 5423, 7.458000000000001, 7.269000000000001, 2.134, 94, 0.002307689955623701, 
2024-02-05 10:51:32.158543, 7.5790000000000015, 7.3900000000000015, 2.134, 94, 7.5790000000000015, 7.3900000000000015, 2.134, 94, 7.5790000000000015, 7.3900000000000015, 2.134, 94, 7.5790000000000015, 7.3900000000000015, 2.134, 94, 5423, 7.5790000000000015, 7.3900000000000015, 2.134, 94, 0.002283018954076195, 
2024-02-05 10:51:33.158469, 7.701000000000001, 7.512000000000001, 2.134, 94, 7.701000000000001, 7.512000000000001, 2.134, 94, 7.701000000000001, 7.512000000000001, 2.134, 94, 7.701000000000001, 7.512000000000001, 2.134, 94, 5423, 7.701000000000001, 7.512000000000001, 2.134, 94, 0.002259262438961949, 
2024-02-05 10:51:40.720312, 1.473, 1.284, 2.134, 94, 1.473, 1.284, 2.134, 94, 1.473, 1.284, 2.134, 94, 1.473, 1.284, 2.134, 94, 5423, 1.473, 1.284, 2.134, 94, -9.9, 
2024-02-05 10:51:41.719970, 1.524, 1.335, 2.134, 94, 1.524, 1.335, 2.134, 94, 1.524, 1.335, 2.134, 94, 1.524, 1.335, 2.134, 94, 5423, 1.524, 1.335, 2.134, 94, 0.05101744796720471, 
2024-02-05 10:51:42.720316, 1.576, 1.387, 2.134, 94, 1.576, 1.387, 2.134, 94, 1.576, 1.387, 2.134, 94, 1.576, 1.387, 2.134, 94, 5423, 1.576, 1.387, 2.134, 94, 0.025999948000104023, 
2024-02-05 10:51:43.720175, 1.629, 1.44, 2.134, 94, 1.629, 1.44, 2.134, 94, 1.629, 1.44, 2.134, 94, 1.629, 1.44, 2.134, 94, 5423, 1.629, 1.44, 2.134, 94, 0.01766747348128896, 
2024-02-05 10:57:05.269036, 1.683, 1.494, 2.134, 94, 1.683, 1.494, 2.134, 94, 1.683, 1.494, 2.134, 94, 1.683, 1.494, 2.134, 94, 5423, 1.683, 1.494, 2.134, 94, -9.9, 
2024-02-05 10:57:06.268631, 1.738, 1.549, 2.134, 94, 1.738, 1.549, 2.134, 94, 1.738, 1.549, 2.134, 94, 1.738, 1.549, 2.134, 94, 5423, 1.738, 1.549, 2.134, 94, 0.05502228402503007, 
2024-02-05 10:57:07.269036, 1.794, 1.605, 2.134, 94, 1.794, 1.605, 2.134, 94, 1.794, 1.605, 2.134, 94, 1.794, 1.605, 2.134, 94, 5423, 1.794, 1.605, 2.134, 94, 0.028000000000000025, 
2024-02-05 10:57:08.268551, 1.851, 1.662, 2.134, 94, 1.851, 1.662, 2.134, 94, 1.851, 1.662, 2.134, 94, 1.851, 1.662, 2.134, 94, 5423, 1.851, 1.662, 2.134, 94, 0.01900307216333305, 
2024-02-05 10:57:11.268348, 2.028, 1.839, 2.134, 94, 2.028, 1.839, 2.134, 94, 2.028, 1.839, 2.134, 94, 2.028, 1.839, 2.134, 94, 5423, 2.028, 1.839, 2.134, 94, -9.9, 
2024-02-05 10:57:12.268948, 2.089, 1.9, 2.134, 94, 2.089, 1.9, 2.134, 94, 2.089, 1.9, 2.134, 94, 2.089, 1.9, 2.134, 94, 5423, 2.089, 1.9, 2.134, 94, 0.060963421946831846, 
2024-02-05 10:57:13.268741, 2.151, 1.962, 2.134, 94, 2.151, 1.962, 2.134, 94, 2.151, 1.962, 2.134, 94, 2.151, 1.962, 2.134, 94, 5423, 2.151, 1.962, 2.134, 94, 0.03099390969674462, 
2024-02-05 10:57:14.268835, 2.214, 2.025, 2.134, 94, 2.214, 2.025, 2.134, 94, 2.214, 2.025, 2.134, 94, 2.214, 2.025, 2.134, 94, 5423, 2.214, 2.025, 2.134, 94, 0.020996591553304494, 
2024-02-05 10:57:15.268124, 2.278, 2.089, 2.134, 94, 2.278, 2.089, 2.134, 94, 2.278, 2.089, 2.134, 94, 2.278, 2.089, 2.134, 94, 5423, 2.278, 2.089, 2.134, 94, 0.016000896050178823, 
2024-02-05 11:01:24.578479, 1.738, 1.549, 2.134, 94, 1.738, 1.549, 2.134, 94, 1.738, 1.549, 2.134, 94, 1.738, 1.549, 2.134, 94, 5423, 1.738, 1.549, 2.134, 94, -9.9, 
2024-02-05 11:01:25.578550, 1.794, 1.605, 2.134, 94, 1.794, 1.605, 2.134, 94, 1.794, 1.605, 2.134, 94, 1.794, 1.605, 2.134, 94, 5423, 1.794, 1.605, 2.134, 94, 0.055996024282276013, 
2024-02-05 11:01:26.578274, 1.851, 1.662, 2.134, 94, 1.851, 1.662, 2.134, 94, 1.851, 1.662, 2.134, 94, 1.851, 1.662, 2.134, 94, 5423, 1.851, 1.662, 2.134, 94, 0.028502921549458788, 
2024-02-05 11:05:48.718977, 1.423, 1.234, 2.134, 94, 1.423, 1.234, 2.134, 94, 1.423, 1.234, 2.134, 94, 1.423, 1.234, 2.134, 94, 5423, 1.423, 1.234, 2.134, 94, -9.9, 
2024-02-05 11:05:49.718705, 1.473, 1.284, 2.134, 94, 1.473, 1.284, 2.134, 94, 1.473, 1.284, 2.134, 94, 1.473, 1.284, 2.134, 94, 5423, 1.473, 1.284, 2.134, 94, 0.0500136037002065, 
2024-02-05 11:05:50.718806, 1.524, 1.335, 2.134, 94, 1.524, 1.335, 2.134, 94, 1.524, 1.335, 2.134, 94, 1.524, 1.335, 2.134, 94, 5423, 1.524, 1.335, 2.134, 94, 0.02550218043642728, 
2024-02-05 11:05:51.718576, 1.576, 1.387, 2.134, 94, 1.576, 1.387, 2.134, 94, 1.576, 1.387, 2.134, 94, 1.576, 1.387, 2.134, 94, 5423, 1.576, 1.387, 2.134, 94, 0.017335650531954454, 
2024-02-05 11:05:52.718978, 1.629, 1.44, 2.134, 94, 1.629, 1.44, 2.134, 94, 1.629, 1.44, 2.134, 94, 1.629, 1.44, 2.134, 94, 5423, 1.629, 1.44, 2.134, 94, 0.013249996687500811, 
2024-02-05 11:05:53.718614, 1.683, 1.494, 2.134, 94, 1.683, 1.494, 2.134, 94, 1.683, 1.494, 2.134, 94, 1.683, 1.494, 2.134, 94, 5423, 1.683, 1.494, 2.134, 94, 0.010800784136928351, 
2024-02-05 11:05:54.718904, 1.738, 1.549, 2.134, 94, 1.738, 1.549, 2.134, 94, 1.738, 1.549, 2.134, 94, 1.738, 1.549, 2.134, 94, 5423, 1.738, 1.549, 2.134, 94, 0.009166778195801372, 
2024-02-05 11:05:55.718535, 1.794, 1.605, 2.134, 94, 1.794, 1.605, 2.134, 94, 1.794, 1.605, 2.134, 94, 1.794, 1.605, 2.134, 94, 5423, 1.794, 1.605, 2.134, 94, 0.008000505174755326, 
2024-02-05 11:05:56.718725, 1.851, 1.662, 2.134, 94, 1.851, 1.662, 2.134, 94, 1.851, 1.662, 2.134, 94, 1.851, 1.662, 2.134, 94, 5423, 1.851, 1.662, 2.134, 94, 0.007125224444569996, 
2024-02-05 11:05:57.718557, 1.909, 1.72, 2.134, 94, 1.909, 1.72, 2.134, 94, 1.909, 1.72, 2.134, 94, 1.909, 1.72, 2.134, 94, 5423, 1.909, 1.72, 2.134, 94, 0.006444745199220414, 
2024-02-05 11:11:22.617700, 1.423, 1.234, 2.134, 94, 1.423, 1.234, 2.134, 94, 1.423, 1.234, 2.134, 94, 1.423, 1.234, 2.134, 94, 5423, 1.423, 1.234, 2.134, 94, -9.9, 
2024-02-05 11:11:23.617718, 1.473, 1.284, 2.134, 94, 1.473, 1.284, 2.134, 94, 1.473, 1.284, 2.134, 94, 1.473, 1.284, 2.134, 94, 5423, 1.473, 1.284, 2.134, 94, 0.04999910001619975, 
2024-02-05 11:11:24.617763, 1.524, 1.335, 2.134, 94, 1.524, 1.335, 2.134, 94, 1.524, 1.335, 2.134, 94, 1.524, 1.335, 2.134, 94, 5423, 1.524, 1.335, 2.134, 94, 0.025499196775301547, 
2024-02-05 11:11:25.617729, 1.576, 1.387, 2.134, 94, 1.576, 1.387, 2.134, 94, 1.576, 1.387, 2.134, 94, 1.576, 1.387, 2.134, 94, 5423, 1.576, 1.387, 2.134, 94, 0.01733316577939748, 
2024-02-05 11:11:26.617817, 1.629, 1.44, 2.134, 94, 1.629, 1.44, 2.134, 94, 1.629, 1.44, 2.134, 94, 1.629, 1.44, 2.134, 94, 5423, 1.629, 1.44, 2.134, 94, 0.013249612448835855, 
2024-02-05 11:11:27.617444, 1.683, 1.494, 2.134, 94, 1.683, 1.494, 2.134, 94, 1.683, 1.494, 2.134, 94, 1.683, 1.494, 2.134, 94, 5423, 1.683, 1.494, 2.134, 94, 0.010800552988313011, 
2024-02-05 11:11:28.617705, 1.738, 1.549, 2.134, 94, 1.738, 1.549, 2.134, 94, 1.738, 1.549, 2.134, 94, 1.738, 1.549, 2.134, 94, 5423, 1.738, 1.549, 2.134, 94, 0.009166659027784133, 
2024-02-05 11:11:29.617719, 1.794, 1.605, 2.134, 94, 1.794, 1.605, 2.134, 94, 1.794, 1.605, 2.134, 94, 1.794, 1.605, 2.134, 94, 5423, 1.794, 1.605, 2.134, 94, 0.007999978285773231, 
2024-02-05 11:11:30.617579, 1.851, 1.662, 2.134, 94, 1.851, 1.662, 2.134, 94, 1.851, 1.662, 2.134, 94, 1.851, 1.662, 2.134, 94, 5423, 1.851, 1.662, 2.134, 94, 0.0071251077672549725, 
2024-02-05 11:11:31.617579, 1.909, 1.72, 2.134, 94, 1.909, 1.72, 2.134, 94, 1.909, 1.72, 2.134, 94, 1.909, 1.72, 2.134, 94, 5423, 1.909, 1.72, 2.134, 94, 0.006444531087584628, 
2024-02-05 11:11:32.617649, 1.968, 1.779, 2.134, 94, 1.968, 1.779, 2.134, 94, 1.968, 1.779, 2.134, 94, 1.968, 1.779, 2.134, 94, 5423, 1.968, 1.779, 2.134, 94, 0.005900030090153454, 
2024-02-05 11:11:33.617680, 2.028, 1.839, 2.134, 94, 2.028, 1.839, 2.134, 94, 2.028, 1.839, 2.134, 94, 2.028, 1.839, 2.134, 94, 5423, 2.028, 1.839, 2.134, 94, 0.005454555371918863, 
2024-02-05 11:11:34.617495, 2.089, 1.9, 2.134, 94, 2.089, 1.9, 2.134, 94, 2.089, 1.9, 2.134, 94, 2.089, 1.9, 2.134, 94, 5423, 2.089, 1.9, 2.134, 94, 0.005083420175094653, 
2024-02-05 11:11:35.616841, 2.151, 1.962, 2.134, 94, 2.151, 1.962, 2.134, 94, 2.151, 1.962, 2.134, 94, 2.151, 1.962, 2.134, 94, 5423, 2.151, 1.962, 2.134, 94, 0.004769545926150047, 
2024-02-05 11:11:36.617718, 2.214, 2.025, 2.134, 94, 2.214, 2.025, 2.134, 94, 2.214, 2.025, 2.134, 94, 2.214, 2.025, 2.134, 94, 5423, 2.214, 2.025, 2.134, 94, 0.0044999942142931485, 
2024-02-05 11:11:37.617656, 2.278, 2.089, 2.134, 94, 2.278, 2.089, 2.134, 94, 2.278, 2.089, 2.134, 94, 2.278, 2.089, 2.134, 94, 5423, 2.278, 2.089, 2.134, 94, 0.004266679182258939, 
2024-02-05 11:11:38.617660, 2.343, 2.154, 2.134, 94, 2.343, 2.154, 2.134, 94, 2.343, 2.154, 2.134, 94, 2.343, 2.154, 2.134, 94, 5423, 2.343, 2.154, 2.134, 94, 0.004062510156275388, 
2024-02-05 11:11:39.617097, 2.409, 2.2199999999999998, 2.134, 94, 2.409, 2.2199999999999998, 2.134, 94, 2.409, 2.2199999999999998, 2.134, 94, 2.409, 2.2199999999999998, 2.134, 94, 5423, 2.409, 2.2199999999999998, 2.134, 94, 0.0038824906554038264, 