Timestamp (sec.nanosec),Frame ID,x,y,z
1700100137.938910052, DW5188, 1.5, 0.0, 2.5
1700100138.139241906, DW5188, 1.5, 0.0, 2.5
1700100138.140802652, HO2165, 1.5, 0.5, 1.5
1700100138.141649762, FJ9876, 1.5, 3.0, 2.5
1700100138.142391297, DW5185, 3.0, 1.5, 2.5
1700100138.238773166, DW5188, 1.5, 0.0, 2.5
1700100138.240039540, HO2165, 1.5, 0.5, 1.5
1700100138.240799483, FJ9876, 1.5, 3.0, 2.5
1700100138.241490098, DW5185, 3.0, 1.5, 2.5
1700100138.339377292, DW5188, 1.5, 0.0, 2.5
1700100138.341001293, HO2165, 1.5, 0.5, 1.5
1700100138.341900111, FJ9876, 1.5, 3.0, 2.5
1700100138.342687044, DW5185, 3.0, 1.5, 2.5
1700100138.439087078, DW5188, 1.5, 0.0, 2.5
1700100138.440650666, HO2165, 1.5, 0.5, 1.5
1700100138.441494618, FJ9876, 1.5, 3.0, 2.5
1700100138.442222290, DW5185, 3.0, 1.5, 2.5
1700100138.539417258, DW5188, 1.5, 0.0, 2.5
1700100138.541286533, HO2165, 1.5, 0.5, 1.5
1700100138.542241485, FJ9876, 1.5, 3.0, 2.5
1700100138.543059524, DW5185, 3.0, 1.5, 2.5
1700100138.639685334, DW5188, 1.5, 0.0, 2.5
1700100138.641637418, HO2165, 1.5, 0.5, 1.5
1700100138.642623928, FJ9876, 1.5, 3.0, 2.5
1700100138.643486473, DW5185, 3.0, 1.5, 2.5
1700100138.739179940, DW5188, 1.5, 0.0, 2.5
1700100138.740714000, HO2165, 1.5, 0.5, 1.5
1700100138.741553890, FJ9876, 1.5, 3.0, 2.5
1700100138.742307524, DW5185, 3.0, 1.5, 2.5
1700100138.839095183, DW5188, 1.5, 0.0, 2.5
1700100138.840458801, HO2165, 1.5, 0.5, 1.5
1700100138.841266555, FJ9876, 1.5, 3.0, 2.5
1700100138.841974126, DW5185, 3.0, 1.5, 2.5
1700100138.939483376, DW5188, 1.5, 0.0, 2.5
1700100138.941259344, HO2165, 1.5, 0.5, 1.5
1700100138.942213508, FJ9876, 1.5, 3.0, 2.5
1700100138.943037079, DW5185, 3.0, 1.5, 2.5
1700100139.39183868, DW5188, 1.5, 0.0, 2.5
1700100139.40611206, HO2165, 1.5, 0.5, 1.5
1700100139.41387362, FJ9876, 1.5, 3.0, 2.5
1700100139.42076285, DW5185, 3.0, 1.5, 2.5
1700100139.139369086, DW5188, 1.5, 0.0, 2.5
1700100139.141231826, HO2165, 1.5, 0.5, 1.5
1700100139.142223530, FJ9876, 1.5, 3.0, 2.5
1700100139.143060099, DW5185, 3.0, 1.5, 2.5
1700100139.239211093, DW5188, 1.5, 0.0, 2.5
1700100139.240766407, HO2165, 1.5, 0.5, 1.5
1700100139.241625736, FJ9876, 1.5, 3.0, 2.5
1700100139.242384215, DW5185, 3.0, 1.5, 2.5
1700100139.338957059, DW5188, 1.5, 0.0, 2.5
1700100139.340297729, HO2165, 1.5, 0.5, 1.5
1700100139.341067906, FJ9876, 1.5, 3.0, 2.5
1700100139.341717190, DW5185, 3.0, 1.5, 2.5
1700100139.439370256, DW5188, 1.5, 0.0, 2.5
1700100139.441238384, HO2165, 1.5, 0.5, 1.5
1700100139.442223877, FJ9876, 1.5, 3.0, 2.5
1700100139.443065643, DW5185, 3.0, 1.5, 2.5
1700100139.539173472, DW5188, 1.5, 0.0, 2.5
1700100139.540813628, HO2165, 1.5, 0.5, 1.5
1700100139.541662436, FJ9876, 1.5, 3.0, 2.5
1700100139.542423373, DW5185, 3.0, 1.5, 2.5
1700100139.639607532, DW5188, 1.5, 0.0, 2.5
1700100139.641371032, HO2165, 1.5, 0.5, 1.5
1700100139.642330333, FJ9876, 1.5, 3.0, 2.5
1700100139.643165808, DW5185, 3.0, 1.5, 2.5
1700100139.739208596, DW5188, 1.5, 0.0, 2.5
1700100139.740733208, HO2165, 1.5, 0.5, 1.5
1700100139.741605708, FJ9876, 1.5, 3.0, 2.5
1700100139.742359949, DW5185, 3.0, 1.5, 2.5
1700100139.839147651, DW5188, 1.5, 0.0, 2.5
1700100139.840739260, HO2165, 1.5, 0.5, 1.5
1700100139.841603284, FJ9876, 1.5, 3.0, 2.5
1700100139.842348931, DW5185, 3.0, 1.5, 2.5
1700100139.939477382, DW5188, 1.5, 0.0, 2.5
1700100139.941190161, HO2165, 1.5, 0.5, 1.5
1700100139.942085726, FJ9876, 1.5, 3.0, 2.5
1700100139.942850366, DW5185, 3.0, 1.5, 2.5
1700100140.39257117, DW5188, 1.5, 0.0, 2.5
1700100140.40666213, HO2165, 1.5, 0.5, 1.5
1700100140.41449980, FJ9876, 1.5, 3.0, 2.5
1700100140.42141157, DW5185, 3.0, 1.5, 2.5
1700100140.139002913, DW5188, 1.5, 0.0, 2.5
1700100140.140240236, HO2165, 1.5, 0.5, 1.5
1700100140.140925411, FJ9876, 1.5, 3.0, 2.5
1700100140.141539964, DW5185, 3.0, 1.5, 2.5
1700100140.239033557, DW5188, 1.5, 0.0, 2.5
1700100140.240345912, HO2165, 1.5, 0.5, 1.5
1700100140.241088484, FJ9876, 1.5, 3.0, 2.5
1700100140.241745374, DW5185, 3.0, 1.5, 2.5
1700100140.338999633, DW5188, 1.5, 0.0, 2.5
1700100140.340217842, HO2165, 1.5, 0.5, 1.5
1700100140.340904937, FJ9876, 1.5, 3.0, 2.5
1700100140.341525123, DW5185, 3.0, 1.5, 2.5
1700100140.438932717, DW5188, 1.5, 0.0, 2.5
1700100140.440342971, HO2165, 1.5, 0.5, 1.5
1700100140.441107416, FJ9876, 1.5, 3.0, 2.5
1700100140.441765247, DW5185, 3.0, 1.5, 2.5
1700100140.538895511, DW5188, 1.5, 0.0, 2.5
1700100140.540153012, HO2165, 1.5, 0.5, 1.5
1700100140.540856923, FJ9876, 1.5, 3.0, 2.5
1700100140.541471845, DW5185, 3.0, 1.5, 2.5
1700100140.638836331, DW5188, 1.5, 0.0, 2.5
1700100140.640110070, HO2165, 1.5, 0.5, 1.5
1700100140.640799879, FJ9876, 1.5, 3.0, 2.5
1700100140.641414671, DW5185, 3.0, 1.5, 2.5
1700100140.738901463, DW5188, 1.5, 0.0, 2.5
1700100140.740118490, HO2165, 1.5, 0.5, 1.5
1700100140.740814165, FJ9876, 1.5, 3.0, 2.5
1700100140.741437565, DW5185, 3.0, 1.5, 2.5
1700100140.838920013, DW5188, 1.5, 0.0, 2.5
1700100140.840147865, HO2165, 1.5, 0.5, 1.5
1700100140.840834434, FJ9876, 1.5, 3.0, 2.5
1700100140.841460513, DW5185, 3.0, 1.5, 2.5
1700100140.939257671, DW5188, 1.5, 0.0, 2.5
1700100140.940767567, HO2165, 1.5, 0.5, 1.5
1700100140.941617746, FJ9876, 1.5, 3.0, 2.5
1700100140.942369278, DW5185, 3.0, 1.5, 2.5
1700100141.39093333, DW5188, 1.5, 0.0, 2.5
1700100141.40050773, HO2165, 1.5, 0.5, 1.5
1700100141.41028376, FJ9876, 1.5, 3.0, 2.5
1700100141.41651532, DW5185, 3.0, 1.5, 2.5
1700100141.139348307, DW5188, 1.5, 0.0, 2.5
1700100141.140850641, HO2165, 1.5, 0.5, 1.5
1700100141.141685757, FJ9876, 1.5, 3.0, 2.5
1700100141.142427679, DW5185, 3.0, 1.5, 2.5
1700100141.238846862, DW5188, 1.5, 0.0, 2.5
1700100141.240006298, HO2165, 1.5, 0.5, 1.5
1700100141.240663728, FJ9876, 1.5, 3.0, 2.5
1700100141.241246679, DW5185, 3.0, 1.5, 2.5
1700100141.339567414, DW5188, 1.5, 0.0, 2.5
1700100141.341355270, HO2165, 1.5, 0.5, 1.5
1700100141.342305165, FJ9876, 1.5, 3.0, 2.5
1700100141.343118666, DW5185, 3.0, 1.5, 2.5
1700100141.438879061, DW5188, 1.5, 0.0, 2.5
1700100141.440068076, HO2165, 1.5, 0.5, 1.5
1700100141.440738314, FJ9876, 1.5, 3.0, 2.5
1700100141.441343321, DW5185, 3.0, 1.5, 2.5
1700100141.539063080, DW5188, 1.5, 0.0, 2.5
1700100141.540378155, HO2165, 1.5, 0.5, 1.5
1700100141.541124151, FJ9876, 1.5, 3.0, 2.5
1700100141.541770901, DW5185, 3.0, 1.5, 2.5
1700100141.639101355, DW5188, 1.5, 0.0, 2.5
1700100141.640522254, HO2165, 1.5, 0.5, 1.5
1700100141.641319635, FJ9876, 1.5, 3.0, 2.5
1700100141.642013699, DW5185, 3.0, 1.5, 2.5
1700100141.739313550, DW5188, 1.5, 0.0, 2.5
1700100141.740923947, HO2165, 1.5, 0.5, 1.5
1700100141.741752075, FJ9876, 1.5, 3.0, 2.5
1700100141.742483315, DW5185, 3.0, 1.5, 2.5
1700100141.839170337, DW5188, 1.5, 0.0, 2.5
1700100141.840652882, HO2165, 1.5, 0.5, 1.5
1700100141.841448308, FJ9876, 1.5, 3.0, 2.5
1700100141.842153067, DW5185, 3.0, 1.5, 2.5
1700100141.938911881, DW5188, 1.5, 0.0, 2.5
1700100141.940245794, HO2165, 1.5, 0.5, 1.5
1700100141.941038695, FJ9876, 1.5, 3.0, 2.5
1700100141.941710715, DW5185, 3.0, 1.5, 2.5
1700100142.39094164, DW5188, 1.5, 0.0, 2.5
1700100142.40026536, HO2165, 1.5, 0.5, 1.5
1700100142.40990904, FJ9876, 1.5, 3.0, 2.5
1700100142.41619626, DW5185, 3.0, 1.5, 2.5
1700100142.139603365, DW5188, 1.5, 0.0, 2.5
1700100142.140862362, HO2165, 1.5, 0.5, 1.5
1700100142.142121722, FJ9876, 1.5, 3.0, 2.5
1700100142.142903257, DW5185, 3.0, 1.5, 2.5
1700100142.239271530, DW5188, 1.5, 0.0, 2.5
1700100142.241091803, HO2165, 1.5, 0.5, 1.5
1700100142.242007644, FJ9876, 1.5, 3.0, 2.5
1700100142.242784921, DW5185, 3.0, 1.5, 2.5
1700100142.339130826, DW5188, 1.5, 0.0, 2.5
1700100142.340633755, HO2165, 1.5, 0.5, 1.5
1700100142.341408965, FJ9876, 1.5, 3.0, 2.5
1700100142.342106756, DW5185, 3.0, 1.5, 2.5
1700100142.439021310, DW5188, 1.5, 0.0, 2.5
1700100142.440312401, HO2165, 1.5, 0.5, 1.5
1700100142.441068132, FJ9876, 1.5, 3.0, 2.5
1700100142.441733567, DW5185, 3.0, 1.5, 2.5
1700100142.539080000, DW5188, 1.5, 0.0, 2.5
1700100142.540482152, HO2165, 1.5, 0.5, 1.5
1700100142.541291211, FJ9876, 1.5, 3.0, 2.5
1700100142.541997092, DW5185, 3.0, 1.5, 2.5
1700100142.638896753, DW5188, 1.5, 0.0, 2.5
1700100142.640028596, HO2165, 1.5, 0.5, 1.5
1700100142.640670759, FJ9876, 1.5, 3.0, 2.5
1700100142.641267846, DW5185, 3.0, 1.5, 2.5
1700100142.739753515, DW5188, 1.5, 0.0, 2.5
1700100142.741685025, HO2165, 1.5, 0.5, 1.5
1700100142.742680821, FJ9876, 1.5, 3.0, 2.5
1700100142.743529581, DW5185, 3.0, 1.5, 2.5
1700100142.839136655, DW5188, 1.5, 0.0, 2.5
1700100142.840539303, HO2165, 1.5, 0.5, 1.5
1700100142.841321161, FJ9876, 1.5, 3.0, 2.5
1700100142.842016750, DW5185, 3.0, 1.5, 2.5
1700100142.939208372, DW5188, 1.5, 0.0, 2.5
1700100142.940649027, HO2165, 1.5, 0.5, 1.5
1700100142.941437565, FJ9876, 1.5, 3.0, 2.5
1700100142.942136086, DW5185, 3.0, 1.5, 2.5
1700100143.39144906, DW5188, 1.5, 0.0, 2.5
1700100143.40641731, HO2165, 1.5, 0.5, 1.5
1700100143.41439155, FJ9876, 1.5, 3.0, 2.5
1700100143.42139695, DW5185, 3.0, 1.5, 2.5
1700100143.139232753, DW5188, 1.5, 0.0, 2.5
1700100143.140275333, HO2165, 1.5, 0.5, 1.5
1700100143.141368821, FJ9876, 1.5, 3.0, 2.5
1700100143.142077493, DW5185, 3.0, 1.5, 2.5
1700100143.238728874, DW5188, 1.5, 0.0, 2.5
1700100143.239635584, HO2165, 1.5, 0.5, 1.5
1700100143.239887123, FJ9876, 1.5, 3.0, 2.5
1700100143.240136880, DW5185, 3.0, 1.5, 2.5
1700100143.338418717, DW5188, 1.5, 0.0, 2.5
1700100143.339133978, HO2165, 1.5, 0.5, 1.5
1700100143.339578796, FJ9876, 1.5, 3.0, 2.5
1700100143.339974513, DW5185, 3.0, 1.5, 2.5
1700100143.439029727, DW5188, 1.5, 0.0, 2.5
1700100143.439888888, HO2165, 1.5, 0.5, 1.5
1700100143.440873716, FJ9876, 1.5, 3.0, 2.5
1700100143.441515453, DW5185, 3.0, 1.5, 2.5
1700100143.539039497, DW5188, 1.5, 0.0, 2.5
1700100143.540331826, HO2165, 1.5, 0.5, 1.5
1700100143.541073325, FJ9876, 1.5, 3.0, 2.5
1700100143.541722285, DW5185, 3.0, 1.5, 2.5
1700100143.639612002, DW5188, 1.5, 0.0, 2.5
1700100143.641507065, HO2165, 1.5, 0.5, 1.5
1700100143.642446593, FJ9876, 1.5, 3.0, 2.5
1700100143.643251969, DW5185, 3.0, 1.5, 2.5
1700100143.738939576, DW5188, 1.5, 0.0, 2.5
1700100143.740252173, HO2165, 1.5, 0.5, 1.5
1700100143.740997554, FJ9876, 1.5, 3.0, 2.5
1700100143.741653004, DW5185, 3.0, 1.5, 2.5
1700100143.839267871, DW5188, 1.5, 0.0, 2.5
1700100143.840887535, HO2165, 1.5, 0.5, 1.5
1700100143.841717282, FJ9876, 1.5, 3.0, 2.5
1700100143.842454513, DW5185, 3.0, 1.5, 2.5
1700100143.939188293, DW5188, 1.5, 0.0, 2.5
1700100143.940663975, HO2165, 1.5, 0.5, 1.5
1700100143.941459700, FJ9876, 1.5, 3.0, 2.5
1700100143.942169398, DW5185, 3.0, 1.5, 2.5
1700100144.39631535, DW5188, 1.5, 0.0, 2.5
1700100144.41444730, HO2165, 1.5, 0.5, 1.5
1700100144.42391672, FJ9876, 1.5, 3.0, 2.5
1700100144.43217760, DW5185, 3.0, 1.5, 2.5
1700100144.139480878, DW5188, 1.5, 0.0, 2.5
1700100144.141197653, HO2165, 1.5, 0.5, 1.5
1700100144.142079487, FJ9876, 1.5, 3.0, 2.5
1700100144.142840457, DW5185, 3.0, 1.5, 2.5
1700100144.239482542, DW5188, 1.5, 0.0, 2.5
1700100144.241441860, HO2165, 1.5, 0.5, 1.5
1700100144.242452735, FJ9876, 1.5, 3.0, 2.5
1700100144.243167870, DW5185, 3.0, 1.5, 2.5
1700100144.339198498, DW5188, 1.5, 0.0, 2.5
1700100144.340649845, HO2165, 1.5, 0.5, 1.5
1700100144.341448261, FJ9876, 1.5, 3.0, 2.5
1700100144.342144330, DW5185, 3.0, 1.5, 2.5
1700100144.438873336, DW5188, 1.5, 0.0, 2.5
1700100144.440070893, HO2165, 1.5, 0.5, 1.5
1700100144.440722444, FJ9876, 1.5, 3.0, 2.5
1700100144.441327698, DW5185, 3.0, 1.5, 2.5
1700100144.539388569, DW5188, 1.5, 0.0, 2.5
1700100144.541088214, HO2165, 1.5, 0.5, 1.5
1700100144.541971609, FJ9876, 1.5, 3.0, 2.5
1700100144.542727903, DW5185, 3.0, 1.5, 2.5
1700100144.639089238, DW5188, 1.5, 0.0, 2.5
1700100144.640590772, HO2165, 1.5, 0.5, 1.5
1700100144.641392199, FJ9876, 1.5, 3.0, 2.5
1700100144.642098231, DW5185, 3.0, 1.5, 2.5
1700100144.739027682, DW5188, 1.5, 0.0, 2.5
1700100144.740369721, HO2165, 1.5, 0.5, 1.5
1700100144.741165191, FJ9876, 1.5, 3.0, 2.5
1700100144.741839644, DW5185, 3.0, 1.5, 2.5
1700100144.839090817, DW5188, 1.5, 0.0, 2.5
1700100144.840389444, HO2165, 1.5, 0.5, 1.5
1700100144.841124764, FJ9876, 1.5, 3.0, 2.5
1700100144.841775376, DW5185, 3.0, 1.5, 2.5
1700100144.939302510, DW5188, 1.5, 0.0, 2.5
1700100144.940906725, HO2165, 1.5, 0.5, 1.5
1700100144.941753439, FJ9876, 1.5, 3.0, 2.5
1700100144.942475571, DW5185, 3.0, 1.5, 2.5
1700100145.38845660, DW5188, 1.5, 0.0, 2.5
1700100145.39899536, HO2165, 1.5, 0.5, 1.5
1700100145.40571763, FJ9876, 1.5, 3.0, 2.5
1700100145.41172404, DW5185, 3.0, 1.5, 2.5
1700100145.138646998, DW5188, 1.5, 0.0, 2.5
1700100145.139820197, HO2165, 1.5, 0.5, 1.5
1700100145.140474154, FJ9876, 1.5, 3.0, 2.5
1700100145.141051782, DW5185, 3.0, 1.5, 2.5
1700100145.238727342, DW5188, 1.5, 0.0, 2.5
1700100145.239879262, HO2165, 1.5, 0.5, 1.5
1700100145.240544292, FJ9876, 1.5, 3.0, 2.5
1700100145.241155708, DW5185, 3.0, 1.5, 2.5
1700100145.338888241, DW5188, 1.5, 0.0, 2.5
1700100145.340302849, HO2165, 1.5, 0.5, 1.5
1700100145.341071743, FJ9876, 1.5, 3.0, 2.5
1700100145.341775143, DW5185, 3.0, 1.5, 2.5
1700100145.439748616, DW5188, 1.5, 0.0, 2.5
1700100145.440443593, HO2165, 1.5, 0.5, 1.5
1700100145.440753313, FJ9876, 1.5, 3.0, 2.5
1700100145.441034574, DW5185, 3.0, 1.5, 2.5
1700100145.538693019, DW5188, 1.5, 0.0, 2.5
1700100145.539921598, HO2165, 1.5, 0.5, 1.5
1700100145.540753614, FJ9876, 1.5, 3.0, 2.5
1700100145.541538996, DW5185, 3.0, 1.5, 2.5
1700100145.639276007, DW5188, 1.5, 0.0, 2.5
1700100145.641178755, HO2165, 1.5, 0.5, 1.5
1700100145.642334477, FJ9876, 1.5, 3.0, 2.5
1700100145.642545822, DW5185, 3.0, 1.5, 2.5
1700100145.738650012, DW5188, 1.5, 0.0, 2.5
1700100145.740000930, HO2165, 1.5, 0.5, 1.5
1700100145.740787085, FJ9876, 1.5, 3.0, 2.5
1700100145.741490980, DW5185, 3.0, 1.5, 2.5
1700100145.838751971, DW5188, 1.5, 0.0, 2.5
1700100145.840041905, HO2165, 1.5, 0.5, 1.5
1700100145.840756753, FJ9876, 1.5, 3.0, 2.5
1700100145.841392866, DW5185, 3.0, 1.5, 2.5
1700100145.938962286, DW5188, 1.5, 0.0, 2.5
1700100145.940431566, HO2165, 1.5, 0.5, 1.5
1700100145.941243734, FJ9876, 1.5, 3.0, 2.5
1700100145.941943656, DW5185, 3.0, 1.5, 2.5
1700100146.38817386, DW5188, 1.5, 0.0, 2.5
1700100146.40209302, HO2165, 1.5, 0.5, 1.5
1700100146.41030812, FJ9876, 1.5, 3.0, 2.5
1700100146.41870233, DW5185, 3.0, 1.5, 2.5
1700100146.138958052, DW5188, 1.5, 0.0, 2.5
1700100146.140333103, HO2165, 1.5, 0.5, 1.5
1700100146.141304748, FJ9876, 1.5, 3.0, 2.5
1700100146.142251100, DW5185, 3.0, 1.5, 2.5
1700100146.238984421, DW5188, 1.5, 0.0, 2.5
1700100146.240551852, HO2165, 1.5, 0.5, 1.5
1700100146.241406586, FJ9876, 1.5, 3.0, 2.5
1700100146.242158695, DW5185, 3.0, 1.5, 2.5
1700106775.359657647, DW5188, 1.5, 0.0, 2.5
1700106775.360369114, HO2165, 3.0, 0.5, 1.0
1700106775.360773246, FJ9876, 1.5, 3.0, 2.5
1700106775.361146980, DW5185, 3.0, 1.5, 2.5
1700106775.460493603, DW5188, 1.5, 0.0, 2.5
1700106775.462149724, HO2165, 3.0, 0.5, 1.0
1700106775.463046855, FJ9876, 1.5, 3.0, 2.5
1700106775.463869900, DW5185, 3.0, 1.5, 2.5
1700106775.560374643, DW5188, 1.5, 0.0, 2.5
1700106775.561630190, HO2165, 3.0, 0.5, 1.0
1700106775.562337934, FJ9876, 1.5, 3.0, 2.5
1700106775.562980241, DW5185, 3.0, 1.5, 2.5
1700106775.660489983, DW5188, 1.5, 0.0, 2.5
1700106775.662121590, HO2165, 3.0, 0.5, 1.0
1700106775.663008005, FJ9876, 1.5, 3.0, 2.5
1700106775.663814756, DW5185, 3.0, 1.5, 2.5
1700106775.760532625, DW5188, 1.5, 0.0, 2.5
1700106775.762000637, HO2165, 3.0, 0.5, 1.0
1700106775.762792997, FJ9876, 1.5, 3.0, 2.5
1700106775.763514142, DW5185, 3.0, 1.5, 2.5
1700106775.860469204, DW5188, 1.5, 0.0, 2.5
1700106775.861803165, HO2165, 3.0, 0.5, 1.0
1700106775.862557450, FJ9876, 1.5, 3.0, 2.5
1700106775.863212550, DW5185, 3.0, 1.5, 2.5
1700106775.960725978, DW5188, 1.5, 0.0, 2.5
1700106775.962273966, HO2165, 3.0, 0.5, 1.0
1700106775.963104163, FJ9876, 1.5, 3.0, 2.5
1700106775.963850971, DW5185, 3.0, 1.5, 2.5
1700106776.60363263, DW5188, 1.5, 0.0, 2.5
1700106776.61665310, HO2165, 3.0, 0.5, 1.0
1700106776.62384423, FJ9876, 1.5, 3.0, 2.5
1700106776.63009599, DW5185, 3.0, 1.5, 2.5
1700106776.160556727, DW5188, 1.5, 0.0, 2.5
1700106776.161835295, HO2165, 3.0, 0.5, 1.0
1700106776.162560923, FJ9876, 1.5, 3.0, 2.5
1700106776.163217492, DW5185, 3.0, 1.5, 2.5
1700106776.260225608, DW5188, 1.5, 0.0, 2.5
1700106776.261500182, HO2165, 3.0, 0.5, 1.0
1700106776.262223312, FJ9876, 1.5, 3.0, 2.5
1700106776.262871799, DW5185, 3.0, 1.5, 2.5
1700106776.361043517, DW5188, 1.5, 0.0, 2.5
1700106776.362839075, HO2165, 3.0, 0.5, 1.0
1700106776.363803699, FJ9876, 1.5, 3.0, 2.5
1700106776.364663773, DW5185, 3.0, 1.5, 2.5
1700106776.460283121, DW5188, 1.5, 0.0, 2.5
1700106776.461106329, HO2165, 3.0, 0.5, 1.0
1700106776.462031939, FJ9876, 1.5, 3.0, 2.5
1700106776.462667369, DW5185, 3.0, 1.5, 2.5
1700106776.560571495, DW5188, 1.5, 0.0, 2.5
1700106776.562018275, HO2165, 3.0, 0.5, 1.0
1700106776.562808624, FJ9876, 1.5, 3.0, 2.5
1700106776.563513819, DW5185, 3.0, 1.5, 2.5
1700106776.660238156, DW5188, 1.5, 0.0, 2.5
1700106776.661508667, HO2165, 3.0, 0.5, 1.0
1700106776.662219662, FJ9876, 1.5, 3.0, 2.5
1700106776.662851216, DW5185, 3.0, 1.5, 2.5
1700106776.760568877, DW5188, 1.5, 0.0, 2.5
1700106776.762006950, HO2165, 3.0, 0.5, 1.0
1700106776.762799152, FJ9876, 1.5, 3.0, 2.5
1700106776.763501821, DW5185, 3.0, 1.5, 2.5
1700106776.860327878, DW5188, 1.5, 0.0, 2.5
1700106776.861728449, HO2165, 3.0, 0.5, 1.0
1700106776.862496707, FJ9876, 1.5, 3.0, 2.5
1700106776.863173152, DW5185, 3.0, 1.5, 2.5
1700106776.960450713, DW5188, 1.5, 0.0, 2.5
1700106776.961746893, HO2165, 3.0, 0.5, 1.0
1700106776.962496456, FJ9876, 1.5, 3.0, 2.5
1700106776.963155259, DW5185, 3.0, 1.5, 2.5
1700106777.60513905, DW5188, 1.5, 0.0, 2.5
1700106777.61959458, HO2165, 3.0, 0.5, 1.0
1700106777.62751521, FJ9876, 1.5, 3.0, 2.5
1700106777.63496996, DW5185, 3.0, 1.5, 2.5
1700106777.161408587, DW5188, 1.5, 0.0, 2.5
1700106777.163545156, HO2165, 3.0, 0.5, 1.0
1700106777.164701919, FJ9876, 1.5, 3.0, 2.5
1700106777.165071299, DW5185, 3.0, 1.5, 2.5
1700106777.260814026, DW5188, 1.5, 0.0, 2.5
1700106777.262331674, HO2165, 3.0, 0.5, 1.0
1700106777.263167614, FJ9876, 1.5, 3.0, 2.5
1700106777.263893834, DW5185, 3.0, 1.5, 2.5
1700106777.360376438, DW5188, 1.5, 0.0, 2.5
1700106777.361566295, HO2165, 3.0, 0.5, 1.0
1700106777.362261999, FJ9876, 1.5, 3.0, 2.5
1700106777.362871327, DW5185, 3.0, 1.5, 2.5
1700106777.460572721, DW5188, 1.5, 0.0, 2.5
1700106777.462244886, HO2165, 3.0, 0.5, 1.0
1700106777.463160072, FJ9876, 1.5, 3.0, 2.5
1700106777.463962379, DW5185, 3.0, 1.5, 2.5
1700106777.561157074, DW5188, 1.5, 0.0, 2.5
1700106777.563026811, HO2165, 3.0, 0.5, 1.0
1700106777.563989165, FJ9876, 1.5, 3.0, 2.5
1700106777.564791497, DW5185, 3.0, 1.5, 2.5
1700106777.660758940, DW5188, 1.5, 0.0, 2.5
1700106777.662372084, HO2165, 3.0, 0.5, 1.0
1700106777.663229510, FJ9876, 1.5, 3.0, 2.5
1700106777.663980888, DW5185, 3.0, 1.5, 2.5
1700106777.760580661, DW5188, 1.5, 0.0, 2.5
1700106777.761969125, HO2165, 3.0, 0.5, 1.0
1700106777.762721978, FJ9876, 1.5, 3.0, 2.5
1700106777.763385425, DW5185, 3.0, 1.5, 2.5
1700106777.860912022, DW5188, 1.5, 0.0, 2.5
1700106777.862623438, HO2165, 3.0, 0.5, 1.0
1700106777.863524317, FJ9876, 1.5, 3.0, 2.5
1700106777.864335868, DW5185, 3.0, 1.5, 2.5
1700106777.961080071, DW5188, 1.5, 0.0, 2.5
1700106777.962949053, HO2165, 3.0, 0.5, 1.0
1700106777.963897941, FJ9876, 1.5, 3.0, 2.5
1700106777.964691878, DW5185, 3.0, 1.5, 2.5
1700106778.60579364, DW5188, 1.5, 0.0, 2.5
1700106778.62369612, HO2165, 3.0, 0.5, 1.0
1700106778.63289709, FJ9876, 1.5, 3.0, 2.5
1700106778.64103373, DW5185, 3.0, 1.5, 2.5
1700106778.160809834, DW5188, 1.5, 0.0, 2.5
1700106778.162410239, HO2165, 3.0, 0.5, 1.0
1700106778.163271883, FJ9876, 1.5, 3.0, 2.5
1700106778.164025047, DW5185, 3.0, 1.5, 2.5
1700106778.261125112, DW5188, 1.5, 0.0, 2.5
1700106778.262978554, HO2165, 3.0, 0.5, 1.0
1700106778.263936371, FJ9876, 1.5, 3.0, 2.5
1700106778.264822187, DW5185, 3.0, 1.5, 2.5
1700106778.360842260, DW5188, 1.5, 0.0, 2.5
1700106778.362437815, HO2165, 3.0, 0.5, 1.0
1700106778.363260861, FJ9876, 1.5, 3.0, 2.5
1700106778.364017157, DW5185, 3.0, 1.5, 2.5
1700106778.460934365, DW5188, 1.5, 0.0, 2.5
1700106778.462688399, HO2165, 3.0, 0.5, 1.0
1700106778.463569482, FJ9876, 1.5, 3.0, 2.5
1700106778.464354226, DW5185, 3.0, 1.5, 2.5
1700106778.560822876, DW5188, 1.5, 0.0, 2.5
1700106778.562409024, HO2165, 3.0, 0.5, 1.0
1700106778.563255245, FJ9876, 1.5, 3.0, 2.5
1700106778.563995287, DW5185, 3.0, 1.5, 2.5
1700106778.660590969, DW5188, 1.5, 0.0, 2.5
1700106778.662072840, HO2165, 3.0, 0.5, 1.0
1700106778.662885581, FJ9876, 1.5, 3.0, 2.5
1700106778.663596766, DW5185, 3.0, 1.5, 2.5
1700106778.760969365, DW5188, 1.5, 0.0, 2.5
1700106778.762669188, HO2165, 3.0, 0.5, 1.0
1700106778.763554090, FJ9876, 1.5, 3.0, 2.5
1700106778.764335513, DW5185, 3.0, 1.5, 2.5
1700106778.860980698, DW5188, 1.5, 0.0, 2.5
1700106778.862706261, HO2165, 3.0, 0.5, 1.0
1700106778.863596183, FJ9876, 1.5, 3.0, 2.5
1700106778.864383661, DW5185, 3.0, 1.5, 2.5
1700106778.961042521, DW5188, 1.5, 0.0, 2.5
1700106778.962757222, HO2165, 3.0, 0.5, 1.0
1700106778.963650558, FJ9876, 1.5, 3.0, 2.5
1700106778.964485446, DW5185, 3.0, 1.5, 2.5
1700106779.60831797, DW5188, 1.5, 0.0, 2.5
1700106779.62359727, HO2165, 3.0, 0.5, 1.0
1700106779.63219628, FJ9876, 1.5, 3.0, 2.5
1700106779.63963513, DW5185, 3.0, 1.5, 2.5
1700106779.160699464, DW5188, 1.5, 0.0, 2.5
1700106779.162111074, HO2165, 3.0, 0.5, 1.0
1700106779.162883671, FJ9876, 1.5, 3.0, 2.5
1700106779.163591995, DW5185, 3.0, 1.5, 2.5
1700106779.259804834, DW5188, 1.5, 0.0, 2.5
1700106779.260709253, HO2165, 3.0, 0.5, 1.0
1700106779.261263881, FJ9876, 1.5, 3.0, 2.5
1700106779.261775115, DW5185, 3.0, 1.5, 2.5
1700106779.360994815, DW5188, 1.5, 0.0, 2.5
1700106779.362738006, HO2165, 3.0, 0.5, 1.0
1700106779.363645779, FJ9876, 1.5, 3.0, 2.5
1700106779.364434740, DW5185, 3.0, 1.5, 2.5
1700106779.460881699, DW5188, 1.5, 0.0, 2.5
1700106779.462605968, HO2165, 3.0, 0.5, 1.0
1700106779.463493918, FJ9876, 1.5, 3.0, 2.5
1700106779.464280235, DW5185, 3.0, 1.5, 2.5
1700106779.560776462, DW5188, 1.5, 0.0, 2.5
1700106779.562392832, HO2165, 3.0, 0.5, 1.0
1700106779.563251063, FJ9876, 1.5, 3.0, 2.5
1700106779.564014820, DW5185, 3.0, 1.5, 2.5
1700106803.287998994, DW5188, 1.5, 0.0, 2.5
1700106803.289278390, HO2165, 2.5, 0.0, 0.0
1700106803.290006259, FJ9876, 1.5, 3.0, 2.5
1700106803.290679161, DW5185, 3.0, 1.5, 2.5
1700106803.388459519, DW5188, 1.5, 0.0, 2.5
1700106803.389931078, HO2165, 2.5, 0.0, 0.0
1700106803.390775770, FJ9876, 1.5, 3.0, 2.5
1700106803.391515228, DW5185, 3.0, 1.5, 2.5
1700106803.488102251, DW5188, 1.5, 0.0, 2.5
1700106803.489690983, HO2165, 2.5, 0.0, 0.0
1700106803.490558495, FJ9876, 1.5, 3.0, 2.5
1700106803.491317385, DW5185, 3.0, 1.5, 2.5
1700106803.588400704, DW5188, 1.5, 0.0, 2.5
1700106803.590280340, HO2165, 2.5, 0.0, 0.0
1700106803.591288885, FJ9876, 1.5, 3.0, 2.5
1700106803.592063528, DW5185, 3.0, 1.5, 2.5
1700106803.687712925, DW5188, 1.5, 0.0, 2.5
1700106803.689098006, HO2165, 2.5, 0.0, 0.0
1700106803.689884036, FJ9876, 1.5, 3.0, 2.5
1700106803.690581735, DW5185, 3.0, 1.5, 2.5
1700106803.788177890, DW5188, 1.5, 0.0, 2.5
1700106803.789557959, HO2165, 2.5, 0.0, 0.0
1700106803.790357805, FJ9876, 1.5, 3.0, 2.5
1700106803.791082148, DW5185, 3.0, 1.5, 2.5
1700106803.888968088, DW5188, 1.5, 0.0, 2.5
1700106803.890873243, HO2165, 2.5, 0.0, 0.0
1700106803.891891902, FJ9876, 1.5, 3.0, 2.5
1700106803.892776671, DW5185, 3.0, 1.5, 2.5
1700106803.988761633, DW5188, 1.5, 0.0, 2.5
1700106803.990518755, HO2165, 2.5, 0.0, 0.0
1700106803.991469554, FJ9876, 1.5, 3.0, 2.5
1700106803.992301999, DW5185, 3.0, 1.5, 2.5
1700106804.88426209, DW5188, 1.5, 0.0, 2.5
1700106804.89948894, HO2165, 2.5, 0.0, 0.0
1700106804.90775831, FJ9876, 1.5, 3.0, 2.5
1700106804.91533371, DW5185, 3.0, 1.5, 2.5
1700106804.188073040, DW5188, 1.5, 0.0, 2.5
1700106804.189363486, HO2165, 2.5, 0.0, 0.0
1700106804.190130550, FJ9876, 1.5, 3.0, 2.5
1700106804.190871797, DW5185, 3.0, 1.5, 2.5
1700106804.288515697, DW5188, 1.5, 0.0, 2.5
1700106804.290143345, HO2165, 2.5, 0.0, 0.0
1700106804.291061180, FJ9876, 1.5, 3.0, 2.5
1700106804.291846375, DW5185, 3.0, 1.5, 2.5
1700106804.388413952, DW5188, 1.5, 0.0, 2.5
1700106804.389933071, HO2165, 2.5, 0.0, 0.0
1700106804.390803135, FJ9876, 1.5, 3.0, 2.5
1700106804.391558332, DW5185, 3.0, 1.5, 2.5
1700106804.488017770, DW5188, 1.5, 0.0, 2.5
1700106804.489182032, HO2165, 2.5, 0.0, 0.0
1700106804.489896439, FJ9876, 1.5, 3.0, 2.5
1700106804.490554413, DW5185, 3.0, 1.5, 2.5
1700106804.588187171, DW5188, 1.5, 0.0, 2.5
1700106804.589628590, HO2165, 2.5, 0.0, 0.0
1700106804.590476928, FJ9876, 1.5, 3.0, 2.5
1700106804.591278997, DW5185, 3.0, 1.5, 2.5
1700106804.688407453, DW5188, 1.5, 0.0, 2.5
1700106804.689979293, HO2165, 2.5, 0.0, 0.0
1700106804.690830112, FJ9876, 1.5, 3.0, 2.5
1700106804.691598521, DW5185, 3.0, 1.5, 2.5
1700106804.788311981, DW5188, 1.5, 0.0, 2.5
1700106804.789889780, HO2165, 2.5, 0.0, 0.0
1700106804.790739597, FJ9876, 1.5, 3.0, 2.5
1700106804.791505547, DW5185, 3.0, 1.5, 2.5
1700106804.888310935, DW5188, 1.5, 0.0, 2.5
1700106804.889695860, HO2165, 2.5, 0.0, 0.0
1700106804.890494823, FJ9876, 1.5, 3.0, 2.5
1700106804.891207583, DW5185, 3.0, 1.5, 2.5
1700106804.988921412, DW5188, 1.5, 0.0, 2.5
1700106804.990912429, HO2165, 2.5, 0.0, 0.0
1700106804.991918355, FJ9876, 1.5, 3.0, 2.5
1700106804.992575551, DW5185, 3.0, 1.5, 2.5
1700106805.88837949, DW5188, 1.5, 0.0, 2.5
1700106805.90707351, HO2165, 2.5, 0.0, 0.0
1700106805.91668134, FJ9876, 1.5, 3.0, 2.5
1700106805.92505144, DW5185, 3.0, 1.5, 2.5
1700106805.188490683, DW5188, 1.5, 0.0, 2.5
1700106805.190091197, HO2165, 2.5, 0.0, 0.0
1700106805.190939587, FJ9876, 1.5, 3.0, 2.5
1700106805.191682894, DW5185, 3.0, 1.5, 2.5
1700106805.288346358, DW5188, 1.5, 0.0, 2.5
1700106805.289828907, HO2165, 2.5, 0.0, 0.0
1700106805.290621652, FJ9876, 1.5, 3.0, 2.5
1700106805.291342359, DW5185, 3.0, 1.5, 2.5
1700106805.388286609, DW5188, 1.5, 0.0, 2.5
1700106805.389287395, HO2165, 2.5, 0.0, 0.0
1700106805.390315344, FJ9876, 1.5, 3.0, 2.5
1700106805.390999440, DW5185, 3.0, 1.5, 2.5
1700106805.488971291, DW5188, 1.5, 0.0, 2.5
1700106805.490933372, HO2165, 2.5, 0.0, 0.0
1700106805.491974254, FJ9876, 1.5, 3.0, 2.5
1700106805.492864223, DW5185, 3.0, 1.5, 2.5
1700106805.588567585, DW5188, 1.5, 0.0, 2.5
1700106805.590118244, HO2165, 2.5, 0.0, 0.0
1700106805.590949038, FJ9876, 1.5, 3.0, 2.5
1700106805.591696242, DW5185, 3.0, 1.5, 2.5
1700106805.688103123, DW5188, 1.5, 0.0, 2.5
1700106805.689442796, HO2165, 2.5, 0.0, 0.0
1700106805.690203188, FJ9876, 1.5, 3.0, 2.5
1700106805.690916982, DW5185, 3.0, 1.5, 2.5
1700106805.788110033, DW5188, 1.5, 0.0, 2.5
1700106805.789525978, HO2165, 2.5, 0.0, 0.0
1700106805.790312213, FJ9876, 1.5, 3.0, 2.5
1700106805.791036719, DW5185, 3.0, 1.5, 2.5
1700106805.888030798, DW5188, 1.5, 0.0, 2.5
1700106805.889354506, HO2165, 2.5, 0.0, 0.0
1700106805.890118668, FJ9876, 1.5, 3.0, 2.5
1700106805.890791000, DW5185, 3.0, 1.5, 2.5
1700106805.988102961, DW5188, 1.5, 0.0, 2.5
1700106805.989503450, HO2165, 2.5, 0.0, 0.0
1700106805.990271232, FJ9876, 1.5, 3.0, 2.5
1700106805.990933696, DW5185, 3.0, 1.5, 2.5
1700106806.88076239, DW5188, 1.5, 0.0, 2.5
1700106806.89444076, HO2165, 2.5, 0.0, 0.0
1700106806.90205923, FJ9876, 1.5, 3.0, 2.5
1700106806.90927467, DW5185, 3.0, 1.5, 2.5
1700106806.187995079, DW5188, 1.5, 0.0, 2.5
1700106806.189189274, HO2165, 2.5, 0.0, 0.0
1700106806.189970262, FJ9876, 1.5, 3.0, 2.5
1700106806.190732081, DW5185, 3.0, 1.5, 2.5
1700106806.288256937, DW5188, 1.5, 0.0, 2.5
1700106806.290218433, HO2165, 2.5, 0.0, 0.0
1700106806.291461760, FJ9876, 1.5, 3.0, 2.5
1700106806.292663372, DW5185, 3.0, 1.5, 2.5
1700106806.388296001, DW5188, 1.5, 0.0, 2.5
1700106806.389872324, HO2165, 2.5, 0.0, 0.0
1700106806.390708328, FJ9876, 1.5, 3.0, 2.5
1700106806.391470086, DW5185, 3.0, 1.5, 2.5
1700106806.488305185, DW5188, 1.5, 0.0, 2.5
1700106806.490026254, HO2165, 2.5, 0.0, 0.0
1700106806.490935085, FJ9876, 1.5, 3.0, 2.5
1700106806.491786041, DW5185, 3.0, 1.5, 2.5
1700106806.588231314, DW5188, 1.5, 0.0, 2.5
1700106806.589968862, HO2165, 2.5, 0.0, 0.0
1700106806.590909664, FJ9876, 1.5, 3.0, 2.5
1700106806.591714879, DW5185, 3.0, 1.5, 2.5
1700106806.688298172, DW5188, 1.5, 0.0, 2.5
1700106806.690171296, HO2165, 2.5, 0.0, 0.0
1700106806.691176957, FJ9876, 1.5, 3.0, 2.5
1700106806.691995141, DW5185, 3.0, 1.5, 2.5
1700106806.787983885, DW5188, 1.5, 0.0, 2.5
1700106806.789505047, HO2165, 2.5, 0.0, 0.0
1700106806.790510113, FJ9876, 1.5, 3.0, 2.5
1700106806.791440052, DW5185, 3.0, 1.5, 2.5
1700106806.887882074, DW5188, 1.5, 0.0, 2.5
1700106806.889499937, HO2165, 2.5, 0.0, 0.0
1700106806.890395747, FJ9876, 1.5, 3.0, 2.5
1700106806.891175690, DW5185, 3.0, 1.5, 2.5
1700106806.988680108, DW5188, 1.5, 0.0, 2.5
1700106806.990722305, HO2165, 2.5, 0.0, 0.0
1700106806.991755303, FJ9876, 1.5, 3.0, 2.5
1700106806.992385768, DW5185, 3.0, 1.5, 2.5
1700106807.87775597, DW5188, 1.5, 0.0, 2.5
1700106807.89181124, HO2165, 2.5, 0.0, 0.0
1700106807.89966083, FJ9876, 1.5, 3.0, 2.5
1700106807.90637484, DW5185, 3.0, 1.5, 2.5
1700106807.188510945, DW5188, 1.5, 0.0, 2.5
1700106807.190185462, HO2165, 2.5, 0.0, 0.0
1700106807.191097063, FJ9876, 1.5, 3.0, 2.5
1700106807.191905050, DW5185, 3.0, 1.5, 2.5
1700106807.287729929, DW5188, 1.5, 0.0, 2.5
1700106807.289017794, HO2165, 2.5, 0.0, 0.0
1700106807.289755285, FJ9876, 1.5, 3.0, 2.5
1700106807.290433258, DW5185, 3.0, 1.5, 2.5
1700106807.388589371, DW5188, 1.5, 0.0, 2.5
1700106807.390608721, HO2165, 2.5, 0.0, 0.0
1700106807.391677910, FJ9876, 1.5, 3.0, 2.5
1700106807.392601475, DW5185, 3.0, 1.5, 2.5
1700106807.488727125, DW5188, 1.5, 0.0, 2.5
1700106807.490558864, HO2165, 2.5, 0.0, 0.0
1700106807.491522979, FJ9876, 1.5, 3.0, 2.5
1700106807.492423744, DW5185, 3.0, 1.5, 2.5
1700106807.588093548, DW5188, 1.5, 0.0, 2.5
1700106807.589549359, HO2165, 2.5, 0.0, 0.0
1700106807.590372069, FJ9876, 1.5, 3.0, 2.5
1700106807.591103294, DW5185, 3.0, 1.5, 2.5
1700106807.688222392, DW5188, 1.5, 0.0, 2.5
1700106807.689650189, HO2165, 2.5, 0.0, 0.0
1700106807.690454521, FJ9876, 1.5, 3.0, 2.5
1700106807.691179207, DW5185, 3.0, 1.5, 2.5
1700106807.788083840, DW5188, 1.5, 0.0, 2.5
1700106807.789394145, HO2165, 2.5, 0.0, 0.0
1700106807.790159661, FJ9876, 1.5, 3.0, 2.5
1700106807.790821611, DW5185, 3.0, 1.5, 2.5
1700106807.888395788, DW5188, 1.5, 0.0, 2.5
1700106807.889878519, HO2165, 2.5, 0.0, 0.0
1700106807.890749564, FJ9876, 1.5, 3.0, 2.5
1700106807.891531982, DW5185, 3.0, 1.5, 2.5
1700106807.988049271, DW5188, 1.5, 0.0, 2.5
1700106807.989489183, HO2165, 2.5, 0.0, 0.0
1700106807.990322203, FJ9876, 1.5, 3.0, 2.5
1700106807.991040117, DW5185, 3.0, 1.5, 2.5
1700106808.88025900, DW5188, 1.5, 0.0, 2.5
1700106808.89230715, HO2165, 2.5, 0.0, 0.0
1700106808.89955822, FJ9876, 1.5, 3.0, 2.5
1700106808.90600434, DW5185, 3.0, 1.5, 2.5
1700106808.188282859, DW5188, 1.5, 0.0, 2.5
1700106808.189850947, HO2165, 2.5, 0.0, 0.0
1700106808.190707974, FJ9876, 1.5, 3.0, 2.5
1700106808.191486680, DW5185, 3.0, 1.5, 2.5
1700106808.288598785, DW5188, 1.5, 0.0, 2.5
1700106808.290266889, HO2165, 2.5, 0.0, 0.0
1700106808.291177820, FJ9876, 1.5, 3.0, 2.5
1700106808.291971607, DW5185, 3.0, 1.5, 2.5